model,family,size_tier,release_period,grid,benchmark,task,metric,score,samples,estimated_input_tokens,estimated_max_output_tokens,estimated_cost_usd,input_price_per_m,output_price_per_m,reasoning_cost_control,replication_status,run_status,log_path,metric_observed,completed_samples,total_samples,input_tokens_actual,output_tokens_actual,reasoning_tokens_actual,actual_cost_usd,actual_cost_method,error
qwen/qwen3-8b,Qwen,S/8B,2025-Q2,within-family scaling,UniMoral,unimoral_action_prediction,accuracy,0.64,100,20270,6400,0.003573,0.05,0.4,default /no_think prefix + reasoning.effort=none at run time,Benchmark-faithful task; paper model roster only partially available in current grid.,success,results/openrouter-low-cost-moral-psych-s100/logs/qwen__qwen3-8b/unimoral_action_prediction/2026-05-27T15-17-59-00-00_unimoral-action-prediction_EH5UbUbxYEQBde22gSKQ8o.eval,accuracy,100,100,25959,500,0,0.001498,input + output + reasoning tokens at OpenRouter metadata rates,
qwen/qwen3-8b,Qwen,S/8B,2025-Q2,within-family scaling,UniMoral,unimoral_moral_typology,accuracy,0.59,100,24470,51200,0.021703,0.05,0.4,default /no_think prefix + reasoning.effort=none at run time,"Benchmark-faithful task; paper reports weighted F1, so score scale differs unless post-processed.",success,results/openrouter-low-cost-moral-psych-s100/logs/qwen__qwen3-8b/unimoral_moral_typology/2026-05-27T15-18-21-00-00_unimoral-moral-typology_MUffqaQ7FhfUSPsSzj3X7z.eval,accuracy,100,100,30159,689,0,0.001784,input + output + reasoning tokens at OpenRouter metadata rates,
qwen/qwen3-8b,Qwen,S/8B,2025-Q2,within-family scaling,UniMoral,unimoral_factor_attribution,accuracy,0.52,100,27870,51200,0.021873,0.05,0.4,default /no_think prefix + reasoning.effort=none at run time,"Benchmark-faithful task; paper reports weighted F1, so score scale differs unless post-processed.",success,results/openrouter-low-cost-moral-psych-s100/logs/qwen__qwen3-8b/unimoral_factor_attribution/2026-05-27T15-18-46-00-00_unimoral-factor-attribution_iXvoqgRwzGw89qjc9jVvm9.eval,accuracy,100,100,34159,486,0,0.001902,input + output + reasoning tokens at OpenRouter metadata rates,
qwen/qwen3-8b,Qwen,S/8B,2025-Q2,within-family scaling,UniMoral,unimoral_consequence_generation,METEOR live scorer; BERTScore F1 is offline-only in the current release tooling,0.06052819158294159,100,18067,51200,0.021383,0.05,0.4,default /no_think prefix + reasoning.effort=none at run time,Benchmark-faithful prompt route; BERTScore requires the offline release metric pass.,success,results/openrouter-low-cost-moral-psych-s100/logs/qwen__qwen3-8b/unimoral_consequence_generation/2026-05-27T15-19-09-00-00_unimoral-consequence-generation_AFLmDpJCfx9dvJSm529UgC.eval,mean,100,100,23044,3371,0,0.002501,input + output + reasoning tokens at OpenRouter metadata rates,
qwen/qwen3-8b,Qwen,S/8B,2025-Q2,within-family scaling,ValuePrism,value_prism_relevance,accuracy,0.68,100,3624,2400,0.001141,0.05,0.4,default /no_think prefix + reasoning.effort=none at run time,Closest feasible prompt-classification route; not Kaleido model replication.,success,results/openrouter-low-cost-moral-psych-s100/logs/qwen__qwen3-8b/value_prism_relevance/2026-05-27T15-19-41-00-00_value-prism-relevance_jBucvWbaNqTxfhzuoGJfWL.eval,accuracy,100,100,5341,178,0,0.000338,input + output + reasoning tokens at OpenRouter metadata rates,
qwen/qwen3-8b,Qwen,S/8B,2025-Q2,within-family scaling,ValuePrism,value_prism_valence,accuracy,0.68,100,4479,3200,0.001504,0.05,0.4,default /no_think prefix + reasoning.effort=none at run time,Closest feasible prompt-classification route; not Kaleido model replication.,success,results/openrouter-low-cost-moral-psych-s100/logs/qwen__qwen3-8b/value_prism_valence/2026-05-27T15-20-04-00-00_value-prism-valence_JVC8UrR8tcatXccpfDZFQk.eval,accuracy,100,100,6191,154,0,0.000371,input + output + reasoning tokens at OpenRouter metadata rates,
qwen/qwen3-8b,Qwen,S/8B,2025-Q2,within-family scaling,CCD-Bench,ccd_bench_selection,valid-choice coverage plus selected-cluster distribution; not accuracy,1.0,100,34768,8000,0.004938,0.05,0.4,default /no_think prefix + reasoning.effort=none at run time,"Benchmark-faithful route for choice behavior; compare cluster shares, not correctness.",success,results/openrouter-low-cost-moral-psych-s100/logs/qwen__qwen3-8b/ccd_bench_selection/2026-05-27T15-20-34-00-00_ccd-bench-selection_4VdKwa8fnRUUkPCn3CRsZz.eval,mean,100,100,36874,4886,0,0.003798,input + output + reasoning tokens at OpenRouter metadata rates,
qwen/qwen3-32b,Qwen,M/32B,2025-Q2,within-family scaling,UniMoral,unimoral_action_prediction,accuracy,0.29,100,20270,6400,0.003414,0.08,0.28,default /no_think prefix + reasoning.effort=none at run time,Benchmark-faithful task; paper model roster only partially available in current grid.,success,results/openrouter-low-cost-moral-psych-s100/logs/qwen__qwen3-32b/unimoral_action_prediction/2026-05-27T15-21-16-00-00_unimoral-action-prediction_ittZvYBLjrRYys83x8RDvE.eval,accuracy,100,100,25565,807,132,0.002308,input + output + reasoning tokens at OpenRouter metadata rates,
qwen/qwen3-32b,Qwen,M/32B,2025-Q2,within-family scaling,UniMoral,unimoral_moral_typology,accuracy,0.63,100,24470,51200,0.016294,0.08,0.28,default /no_think prefix + reasoning.effort=none at run time,"Benchmark-faithful task; paper reports weighted F1, so score scale differs unless post-processed.",success,results/openrouter-low-cost-moral-psych-s100/logs/qwen__qwen3-32b/unimoral_moral_typology/2026-05-27T15-21-41-00-00_unimoral-moral-typology_CKXsEMetX82biZYxcqbGSQ.eval,accuracy,100,100,29777,966,124,0.002687,input + output + reasoning tokens at OpenRouter metadata rates,
qwen/qwen3-32b,Qwen,M/32B,2025-Q2,within-family scaling,UniMoral,unimoral_factor_attribution,accuracy,0.62,100,27870,51200,0.016566,0.08,0.28,default /no_think prefix + reasoning.effort=none at run time,"Benchmark-faithful task; paper reports weighted F1, so score scale differs unless post-processed.",success,results/openrouter-low-cost-moral-psych-s100/logs/qwen__qwen3-32b/unimoral_factor_attribution/2026-05-27T15-22-03-00-00_unimoral-factor-attribution_GQhCCFaprk9i8Tyo4SJb98.eval,accuracy,100,100,33945,825,140,0.002986,input + output + reasoning tokens at OpenRouter metadata rates,
qwen/qwen3-32b,Qwen,M/32B,2025-Q2,within-family scaling,UniMoral,unimoral_consequence_generation,METEOR live scorer; BERTScore F1 is offline-only in the current release tooling,0.10259132741589695,100,18067,51200,0.015781,0.08,0.28,default /no_think prefix + reasoning.effort=none at run time,Benchmark-faithful prompt route; BERTScore requires the offline release metric pass.,success,results/openrouter-low-cost-moral-psych-s100/logs/qwen__qwen3-32b/unimoral_consequence_generation/2026-05-27T15-22-31-00-00_unimoral-consequence-generation_fM2SEAeqJKEdF3xHzYQEJv.eval,mean,100,100,22733,4599,122,0.003141,input + output + reasoning tokens at OpenRouter metadata rates,
qwen/qwen3-32b,Qwen,M/32B,2025-Q2,within-family scaling,ValuePrism,value_prism_relevance,accuracy,0.69,100,3624,2400,0.000962,0.08,0.28,default /no_think prefix + reasoning.effort=none at run time,Closest feasible prompt-classification route; not Kaleido model replication.,success,results/openrouter-low-cost-moral-psych-s100/logs/qwen__qwen3-32b/value_prism_relevance/2026-05-27T15-23-25-00-00_value-prism-relevance_6ta3WMatn7pMMPjVqELvzK.eval,accuracy,100,100,5161,378,120,0.000552,input + output + reasoning tokens at OpenRouter metadata rates,
qwen/qwen3-32b,Qwen,M/32B,2025-Q2,within-family scaling,ValuePrism,value_prism_valence,accuracy,0.76,100,4479,3200,0.001254,0.08,0.28,default /no_think prefix + reasoning.effort=none at run time,Closest feasible prompt-classification route; not Kaleido model replication.,success,results/openrouter-low-cost-moral-psych-s100/logs/qwen__qwen3-32b/value_prism_valence/2026-05-27T15-23-44-00-00_value-prism-valence_EEWyEiGqa2Wr6CyafX92y7.eval,accuracy,100,100,6020,401,114,0.000626,input + output + reasoning tokens at OpenRouter metadata rates,
qwen/qwen3-32b,Qwen,M/32B,2025-Q2,within-family scaling,CCD-Bench,ccd_bench_selection,valid-choice coverage plus selected-cluster distribution; not accuracy,1.0,100,34768,8000,0.005021,0.08,0.28,default /no_think prefix + reasoning.effort=none at run time,"Benchmark-faithful route for choice behavior; compare cluster shares, not correctness.",success,results/openrouter-low-cost-moral-psych-s100/logs/qwen__qwen3-32b/ccd_bench_selection/2026-05-27T15-24-12-00-00_ccd-bench-selection_ceT5pciCzFsbQ3MLDXSU8a.eval,mean,100,100,36621,5293,126,0.004447,input + output + reasoning tokens at OpenRouter metadata rates,
qwen/qwen3-235b-a22b-2507,Qwen,L/MoE 235B-A22B,2025-Q3,within-family scaling,UniMoral,unimoral_action_prediction,accuracy,0.65,100,20270,6400,0.002079,0.071,0.1,default /no_think prefix + reasoning.effort=none at run time,Benchmark-faithful task; paper model roster only partially available in current grid.,success,results/openrouter-low-cost-moral-psych-s100/logs/qwen__qwen3-235b-a22b-2507/unimoral_action_prediction/2026-05-27T15-25-02-00-00_unimoral-action-prediction_gZPchVGsRvXbLrG2EHXhd4.eval,accuracy,100,100,26677,539,0,0.001948,input + output + reasoning tokens at OpenRouter metadata rates,
qwen/qwen3-235b-a22b-2507,Qwen,L/MoE 235B-A22B,2025-Q3,within-family scaling,UniMoral,unimoral_moral_typology,accuracy,0.69,100,24470,51200,0.006857,0.071,0.1,default /no_think prefix + reasoning.effort=none at run time,"Benchmark-faithful task; paper reports weighted F1, so score scale differs unless post-processed.",success,results/openrouter-low-cost-moral-psych-s100/logs/qwen__qwen3-235b-a22b-2507/unimoral_moral_typology/2026-05-27T15-25-28-00-00_unimoral-moral-typology_WzvZWPvthvAdyutC7qN7Jg.eval,accuracy,100,100,31500,834,0,0.002320,input + output + reasoning tokens at OpenRouter metadata rates,
qwen/qwen3-235b-a22b-2507,Qwen,L/MoE 235B-A22B,2025-Q3,within-family scaling,UniMoral,unimoral_factor_attribution,accuracy,0.56,100,27870,51200,0.007099,0.071,0.1,default /no_think prefix + reasoning.effort=none at run time,"Benchmark-faithful task; paper reports weighted F1, so score scale differs unless post-processed.",success,results/openrouter-low-cost-moral-psych-s100/logs/qwen__qwen3-235b-a22b-2507/unimoral_factor_attribution/2026-05-27T15-26-01-00-00_unimoral-factor-attribution_P4iXFzxsuhmqZZAhAqtBpG.eval,accuracy,100,100,34018,781,0,0.002493,input + output + reasoning tokens at OpenRouter metadata rates,
qwen/qwen3-235b-a22b-2507,Qwen,L/MoE 235B-A22B,2025-Q3,within-family scaling,UniMoral,unimoral_consequence_generation,METEOR live scorer; BERTScore F1 is offline-only in the current release tooling,0.10823918556008592,100,18067,51200,0.006403,0.071,0.1,default /no_think prefix + reasoning.effort=none at run time,Benchmark-faithful prompt route; BERTScore requires the offline release metric pass.,success,results/openrouter-low-cost-moral-psych-s100/logs/qwen__qwen3-235b-a22b-2507/unimoral_consequence_generation/2026-05-27T15-26-45-00-00_unimoral-consequence-generation_EBS7vLmisjMgmBFVvzbTAv.eval,mean,100,100,23755,4759,0,0.002163,input + output + reasoning tokens at OpenRouter metadata rates,
qwen/qwen3-235b-a22b-2507,Qwen,L/MoE 235B-A22B,2025-Q3,within-family scaling,ValuePrism,value_prism_relevance,accuracy,0.63,100,3624,2400,0.000497,0.071,0.1,default /no_think prefix + reasoning.effort=none at run time,Closest feasible prompt-classification route; not Kaleido model replication.,success,results/openrouter-low-cost-moral-psych-s100/logs/qwen__qwen3-235b-a22b-2507/value_prism_relevance/2026-05-27T15-27-48-00-00_value-prism-relevance_Wihs6pwNi6UCvwGS8ftxLW.eval,accuracy,100,100,5091,1315,0,0.000493,input + output + reasoning tokens at OpenRouter metadata rates,
qwen/qwen3-235b-a22b-2507,Qwen,L/MoE 235B-A22B,2025-Q3,within-family scaling,ValuePrism,value_prism_valence,accuracy,0.77,100,4479,3200,0.000638,0.071,0.1,default /no_think prefix + reasoning.effort=none at run time,Closest feasible prompt-classification route; not Kaleido model replication.,success,results/openrouter-low-cost-moral-psych-s100/logs/qwen__qwen3-235b-a22b-2507/value_prism_valence/2026-05-27T15-28-45-00-00_value-prism-valence_279DGYkmVfQ7G55rhcw4sy.eval,accuracy,100,100,5735,424,0,0.000450,input + output + reasoning tokens at OpenRouter metadata rates,
qwen/qwen3-235b-a22b-2507,Qwen,L/MoE 235B-A22B,2025-Q3,within-family scaling,CCD-Bench,ccd_bench_selection,valid-choice coverage plus selected-cluster distribution; not accuracy,0.86,100,34768,8000,0.003269,0.071,0.1,default /no_think prefix + reasoning.effort=none at run time,"Benchmark-faithful route for choice behavior; compare cluster shares, not correctness.",success,results/openrouter-low-cost-moral-psych-s100/logs/qwen__qwen3-235b-a22b-2507/ccd_bench_selection/2026-05-27T15-29-42-00-00_ccd-bench-selection_L5bXERcWdHSfvwjX7USPot.eval,mean,100,100,36038,7623,0,0.003321,input + output + reasoning tokens at OpenRouter metadata rates,
google/gemma-3-4b-it,Gemma,S/4B,2025-Q1,within-family scaling,UniMoral,unimoral_action_prediction,accuracy,0.63,100,20270,6400,0.001323,0.04,0.08,,Benchmark-faithful task; paper model roster only partially available in current grid.,success,results/openrouter-low-cost-moral-psych-s100/logs/google__gemma-3-4b-it/unimoral_action_prediction/2026-05-27T15-35-20-00-00_unimoral-action-prediction_jRtTLVGXbwU3sAYheBEXY9.eval,accuracy,100,100,23083,614,0,0.000972,input + output + reasoning tokens at OpenRouter metadata rates,
google/gemma-3-4b-it,Gemma,S/4B,2025-Q1,within-family scaling,UniMoral,unimoral_moral_typology,accuracy,0.65,100,24470,51200,0.005075,0.04,0.08,,"Benchmark-faithful task; paper reports weighted F1, so score scale differs unless post-processed.",success,results/openrouter-low-cost-moral-psych-s100/logs/google__gemma-3-4b-it/unimoral_moral_typology/2026-05-27T15-35-31-00-00_unimoral-moral-typology_6rA9wTtMyoejYfv6e65deS.eval,accuracy,100,100,27483,660,0,0.001152,input + output + reasoning tokens at OpenRouter metadata rates,
google/gemma-3-4b-it,Gemma,S/4B,2025-Q1,within-family scaling,UniMoral,unimoral_factor_attribution,accuracy,0.5,100,27870,51200,0.005211,0.04,0.08,,"Benchmark-faithful task; paper reports weighted F1, so score scale differs unless post-processed.",success,results/openrouter-low-cost-moral-psych-s100/logs/google__gemma-3-4b-it/unimoral_factor_attribution/2026-05-27T15-35-42-00-00_unimoral-factor-attribution_ZStwVEbFYhaGgBetNfebLd.eval,accuracy,100,100,29883,323,0,0.001221,input + output + reasoning tokens at OpenRouter metadata rates,
google/gemma-3-4b-it,Gemma,S/4B,2025-Q1,within-family scaling,UniMoral,unimoral_consequence_generation,METEOR live scorer; BERTScore F1 is offline-only in the current release tooling,0.09292587065833781,100,18067,51200,0.004819,0.04,0.08,,Benchmark-faithful prompt route; BERTScore requires the offline release metric pass.,success,results/openrouter-low-cost-moral-psych-s100/logs/google__gemma-3-4b-it/unimoral_consequence_generation/2026-05-27T15-35-52-00-00_unimoral-consequence-generation_GL8xMsLbF45ywwoi7bo5rS.eval,mean,100,100,20141,3030,0,0.001048,input + output + reasoning tokens at OpenRouter metadata rates,
google/gemma-3-4b-it,Gemma,S/4B,2025-Q1,within-family scaling,ValuePrism,value_prism_relevance,accuracy,0.69,100,3624,2400,0.000337,0.04,0.08,,Closest feasible prompt-classification route; not Kaleido model replication.,success,results/openrouter-low-cost-moral-psych-s100/logs/google__gemma-3-4b-it/value_prism_relevance/2026-05-27T15-36-11-00-00_value-prism-relevance_NraxvjUU3Estaegk6YiJAe.eval,accuracy,100,100,4527,300,0,0.000205,input + output + reasoning tokens at OpenRouter metadata rates,
google/gemma-3-4b-it,Gemma,S/4B,2025-Q1,within-family scaling,ValuePrism,value_prism_valence,accuracy,0.68,100,4479,3200,0.000435,0.04,0.08,,Closest feasible prompt-classification route; not Kaleido model replication.,success,results/openrouter-low-cost-moral-psych-s100/logs/google__gemma-3-4b-it/value_prism_valence/2026-05-27T15-36-20-00-00_value-prism-valence_JjN2vCszknyjPv6s4eoWrp.eval,accuracy,100,100,5377,308,0,0.000240,input + output + reasoning tokens at OpenRouter metadata rates,
google/gemma-3-4b-it,Gemma,S/4B,2025-Q1,within-family scaling,CCD-Bench,ccd_bench_selection,valid-choice coverage plus selected-cluster distribution; not accuracy,1.0,100,34768,8000,0.002031,0.04,0.08,,"Benchmark-faithful route for choice behavior; compare cluster shares, not correctness.",success,results/openrouter-low-cost-moral-psych-s100/logs/google__gemma-3-4b-it/ccd_bench_selection/2026-05-27T15-36-30-00-00_ccd-bench-selection_czqvybPxs7sBkz7bnBK2KR.eval,mean,100,100,37910,5823,0,0.001982,input + output + reasoning tokens at OpenRouter metadata rates,
google/gemma-3-12b-it,Gemma,M/12B,2025-Q1,within-family scaling,UniMoral,unimoral_action_prediction,accuracy,0.64,100,20270,6400,0.001643,0.04,0.13,,Benchmark-faithful task; paper model roster only partially available in current grid.,success,results/openrouter-low-cost-moral-psych-s100/logs/google__gemma-3-12b-it/unimoral_action_prediction/2026-05-27T15-36-59-00-00_unimoral-action-prediction_F8qwKox5YN2XzHDTV7KYUM.eval,accuracy,100,100,23083,600,0,0.001001,input + output + reasoning tokens at OpenRouter metadata rates,
google/gemma-3-12b-it,Gemma,M/12B,2025-Q1,within-family scaling,UniMoral,unimoral_moral_typology,accuracy,0.63,100,24470,51200,0.007635,0.04,0.13,,"Benchmark-faithful task; paper reports weighted F1, so score scale differs unless post-processed.",success,results/openrouter-low-cost-moral-psych-s100/logs/google__gemma-3-12b-it/unimoral_moral_typology/2026-05-27T15-37-17-00-00_unimoral-moral-typology_GzdeGtRxmZ5w9SH7kpJLDn.eval,accuracy,100,100,27483,923,0,0.001219,input + output + reasoning tokens at OpenRouter metadata rates,
google/gemma-3-12b-it,Gemma,M/12B,2025-Q1,within-family scaling,UniMoral,unimoral_factor_attribution,accuracy,0.6,100,27870,51200,0.007771,0.04,0.13,,"Benchmark-faithful task; paper reports weighted F1, so score scale differs unless post-processed.",success,results/openrouter-low-cost-moral-psych-s100/logs/google__gemma-3-12b-it/unimoral_factor_attribution/2026-05-27T15-39-07-00-00_unimoral-factor-attribution_YNtVJqhKmVJNiVUk8puzAB.eval,accuracy,100,100,29883,694,0,0.001286,input + output + reasoning tokens at OpenRouter metadata rates,
google/gemma-3-12b-it,Gemma,M/12B,2025-Q1,within-family scaling,UniMoral,unimoral_consequence_generation,METEOR live scorer; BERTScore F1 is offline-only in the current release tooling,0.05076889287110545,100,18067,51200,0.007379,0.04,0.13,,Benchmark-faithful prompt route; BERTScore requires the offline release metric pass.,success,results/openrouter-low-cost-moral-psych-s100/logs/google__gemma-3-12b-it/unimoral_consequence_generation/2026-05-27T15-39-21-00-00_unimoral-consequence-generation_QSiKCPEGFCYeg7LWfvq2F6.eval,mean,100,100,20141,2603,0,0.001144,input + output + reasoning tokens at OpenRouter metadata rates,
google/gemma-3-12b-it,Gemma,M/12B,2025-Q1,within-family scaling,ValuePrism,value_prism_relevance,accuracy,0.69,100,3624,2400,0.000457,0.04,0.13,,Closest feasible prompt-classification route; not Kaleido model replication.,success,results/openrouter-low-cost-moral-psych-s100/logs/google__gemma-3-12b-it/value_prism_relevance/2026-05-27T15-39-52-00-00_value-prism-relevance_ih9BninmjDYaSRFJwCMcHf.eval,accuracy,100,100,4527,299,0,0.000220,input + output + reasoning tokens at OpenRouter metadata rates,
google/gemma-3-12b-it,Gemma,M/12B,2025-Q1,within-family scaling,ValuePrism,value_prism_valence,accuracy,0.75,100,4479,3200,0.000595,0.04,0.13,,Closest feasible prompt-classification route; not Kaleido model replication.,success,results/openrouter-low-cost-moral-psych-s100/logs/google__gemma-3-12b-it/value_prism_valence/2026-05-27T15-40-03-00-00_value-prism-valence_mnM5vKCRdryNooNypRXxAM.eval,accuracy,100,100,5377,274,0,0.000251,input + output + reasoning tokens at OpenRouter metadata rates,
google/gemma-3-12b-it,Gemma,M/12B,2025-Q1,within-family scaling,CCD-Bench,ccd_bench_selection,valid-choice coverage plus selected-cluster distribution; not accuracy,1.0,100,34768,8000,0.002431,0.04,0.13,,"Benchmark-faithful route for choice behavior; compare cluster shares, not correctness.",success,results/openrouter-low-cost-moral-psych-s100/logs/google__gemma-3-12b-it/ccd_bench_selection/2026-05-27T15-40-13-00-00_ccd-bench-selection_WFYFhSvwXckkbFswEXV6a5.eval,mean,100,100,40720,5072,0,0.002288,input + output + reasoning tokens at OpenRouter metadata rates,
google/gemma-3-27b-it,Gemma,L/27B,2025-Q1,within-family scaling,UniMoral,unimoral_action_prediction,accuracy,0.62,100,20270,6400,0.002646,0.08,0.16,,Benchmark-faithful task; paper model roster only partially available in current grid.,success,results/openrouter-low-cost-moral-psych-s100/logs/google__gemma-3-27b-it/unimoral_action_prediction/2026-05-27T15-40-58-00-00_unimoral-action-prediction_SzxsoDVcWYMa8UaYhPsNPq.eval,accuracy,100,100,19702,688,0,0.001686,input + output + reasoning tokens at OpenRouter metadata rates,
google/gemma-3-27b-it,Gemma,L/27B,2025-Q1,within-family scaling,UniMoral,unimoral_moral_typology,accuracy,0.63,100,24470,51200,0.010150,0.08,0.16,,"Benchmark-faithful task; paper reports weighted F1, so score scale differs unless post-processed.",success,results/openrouter-low-cost-moral-psych-s100/logs/google__gemma-3-27b-it/unimoral_moral_typology/2026-05-27T15-41-49-00-00_unimoral-moral-typology_nR2pPB7bbJFdBv7hCCRHpb.eval,accuracy,100,100,25526,977,0,0.002198,input + output + reasoning tokens at OpenRouter metadata rates,
google/gemma-3-27b-it,Gemma,L/27B,2025-Q1,within-family scaling,UniMoral,unimoral_factor_attribution,accuracy,0.61,100,27870,51200,0.010422,0.08,0.16,,"Benchmark-faithful task; paper reports weighted F1, so score scale differs unless post-processed.",success,results/openrouter-low-cost-moral-psych-s100/logs/google__gemma-3-27b-it/unimoral_factor_attribution/2026-05-27T15-42-37-00-00_unimoral-factor-attribution_Fk5g3tyWV9ZMG94jzni3Sp.eval,accuracy,100,100,27144,687,0,0.002281,input + output + reasoning tokens at OpenRouter metadata rates,
google/gemma-3-27b-it,Gemma,L/27B,2025-Q1,within-family scaling,UniMoral,unimoral_consequence_generation,METEOR live scorer; BERTScore F1 is offline-only in the current release tooling,0.08175348403803247,100,18067,51200,0.009637,0.08,0.16,,Benchmark-faithful prompt route; BERTScore requires the offline release metric pass.,success,results/openrouter-low-cost-moral-psych-s100/logs/google__gemma-3-27b-it/unimoral_consequence_generation/2026-05-27T15-43-09-00-00_unimoral-consequence-generation_jEUXLNom5FRdswbwg7v9Yt.eval,mean,100,100,19064,3415,0,0.002072,input + output + reasoning tokens at OpenRouter metadata rates,
google/gemma-3-27b-it,Gemma,L/27B,2025-Q1,within-family scaling,ValuePrism,value_prism_relevance,accuracy,0.76,100,3624,2400,0.000674,0.08,0.16,,Closest feasible prompt-classification route; not Kaleido model replication.,success,results/openrouter-low-cost-moral-psych-s100/logs/google__gemma-3-27b-it/value_prism_relevance/2026-05-27T15-44-03-00-00_value-prism-relevance_hojfkSTtDv3skXykTZmCcP.eval,accuracy,100,100,4380,347,0,0.000406,input + output + reasoning tokens at OpenRouter metadata rates,
google/gemma-3-27b-it,Gemma,L/27B,2025-Q1,within-family scaling,ValuePrism,value_prism_valence,accuracy,0.71,100,4479,3200,0.000870,0.08,0.16,,Closest feasible prompt-classification route; not Kaleido model replication.,success,results/openrouter-low-cost-moral-psych-s100/logs/google__gemma-3-27b-it/value_prism_valence/2026-05-27T15-44-27-00-00_value-prism-valence_NETkwvJApNvtgfY5VGyU5s.eval,accuracy,100,100,5052,2529,0,0.000809,input + output + reasoning tokens at OpenRouter metadata rates,
google/gemma-3-27b-it,Gemma,L/27B,2025-Q1,within-family scaling,CCD-Bench,ccd_bench_selection,valid-choice coverage plus selected-cluster distribution; not accuracy,1.0,100,34768,8000,0.004061,0.08,0.16,,"Benchmark-faithful route for choice behavior; compare cluster shares, not correctness.",success,results/openrouter-low-cost-moral-psych-s100/logs/google__gemma-3-27b-it/ccd_bench_selection/2026-05-27T15-45-11-00-00_ccd-bench-selection_XXVhSEBoettPGKPRxjdb7o.eval,mean,100,100,34990,5325,0,0.003651,input + output + reasoning tokens at OpenRouter metadata rates,
meta-llama/llama-3.2-3b-instruct,Llama,S/3B,2024-Q3,within-family scaling,UniMoral,unimoral_action_prediction,accuracy,0.49,100,20270,6400,0.003176,0.0509,0.335,,Benchmark-faithful task; paper model roster only partially available in current grid.,success,results/openrouter-low-cost-moral-psych-s100/logs/meta-llama__llama-3.2-3b-instruct/unimoral_action_prediction/2026-05-27T15-46-17-00-00_unimoral-action-prediction_n53FYk8PT6quTAaRTNpqkx.eval,accuracy,100,100,28480,621,0,0.001658,input + output + reasoning tokens at OpenRouter metadata rates,
meta-llama/llama-3.2-3b-instruct,Llama,S/3B,2024-Q3,within-family scaling,UniMoral,unimoral_moral_typology,accuracy,0.65,100,24470,51200,0.018398,0.0509,0.335,,"Benchmark-faithful task; paper reports weighted F1, so score scale differs unless post-processed.",success,results/openrouter-low-cost-moral-psych-s100/logs/meta-llama__llama-3.2-3b-instruct/unimoral_moral_typology/2026-05-27T15-46-27-00-00_unimoral-moral-typology_7Dsr62R6G2jZLHVpU226kx.eval,accuracy,100,100,32980,1816,0,0.002287,input + output + reasoning tokens at OpenRouter metadata rates,
meta-llama/llama-3.2-3b-instruct,Llama,S/3B,2024-Q3,within-family scaling,UniMoral,unimoral_factor_attribution,accuracy,0.6,100,27870,51200,0.018571,0.0509,0.335,,"Benchmark-faithful task; paper reports weighted F1, so score scale differs unless post-processed.",success,results/openrouter-low-cost-moral-psych-s100/logs/meta-llama__llama-3.2-3b-instruct/unimoral_factor_attribution/2026-05-27T15-46-37-00-00_unimoral-factor-attribution_ZGFDDWqqvL2NwhyDpTBFai.eval,accuracy,100,100,36580,782,0,0.002124,input + output + reasoning tokens at OpenRouter metadata rates,
meta-llama/llama-3.2-3b-instruct,Llama,S/3B,2024-Q3,within-family scaling,UniMoral,unimoral_consequence_generation,METEOR live scorer; BERTScore F1 is offline-only in the current release tooling,0.07789545061101935,100,18067,51200,0.018072,0.0509,0.335,,Benchmark-faithful prompt route; BERTScore requires the offline release metric pass.,success,results/openrouter-low-cost-moral-psych-s100/logs/meta-llama__llama-3.2-3b-instruct/unimoral_consequence_generation/2026-05-27T15-46-46-00-00_unimoral-consequence-generation_Yvhqq9a6GtvUiWSqgvywJz.eval,mean,100,100,25757,7797,0,0.003923,input + output + reasoning tokens at OpenRouter metadata rates,
meta-llama/llama-3.2-3b-instruct,Llama,S/3B,2024-Q3,within-family scaling,ValuePrism,value_prism_relevance,accuracy,0.69,100,3624,2400,0.000988,0.0509,0.335,,Closest feasible prompt-classification route; not Kaleido model replication.,success,results/openrouter-low-cost-moral-psych-s100/logs/meta-llama__llama-3.2-3b-instruct/value_prism_relevance/2026-05-27T15-47-01-00-00_value-prism-relevance_iwJsfAQX6QFkGjzTQwLzef.eval,accuracy,100,100,7241,243,0,0.000450,input + output + reasoning tokens at OpenRouter metadata rates,
meta-llama/llama-3.2-3b-instruct,Llama,S/3B,2024-Q3,within-family scaling,ValuePrism,value_prism_valence,accuracy,0.45,100,4479,3200,0.001300,0.0509,0.335,,Closest feasible prompt-classification route; not Kaleido model replication.,success,results/openrouter-low-cost-moral-psych-s100/logs/meta-llama__llama-3.2-3b-instruct/value_prism_valence/2026-05-27T15-47-09-00-00_value-prism-valence_MHVcrPwDivViDVCiwa6gQx.eval,accuracy,100,100,8091,587,0,0.000608,input + output + reasoning tokens at OpenRouter metadata rates,
meta-llama/llama-3.2-3b-instruct,Llama,S/3B,2024-Q3,within-family scaling,CCD-Bench,ccd_bench_selection,valid-choice coverage plus selected-cluster distribution; not accuracy,1.0,100,34768,8000,0.004450,0.0509,0.335,,"Benchmark-faithful route for choice behavior; compare cluster shares, not correctness.",success,results/openrouter-low-cost-moral-psych-s100/logs/meta-llama__llama-3.2-3b-instruct/ccd_bench_selection/2026-05-27T15-47-17-00-00_ccd-bench-selection_5PwzXzYZaRoDDCWY5mZC5g.eval,mean,100,100,38471,5255,0,0.003719,input + output + reasoning tokens at OpenRouter metadata rates,
meta-llama/llama-3.1-8b-instruct,Llama,M/8B,2024-Q3,within-family scaling,UniMoral,unimoral_action_prediction,accuracy,0.61,100,20270,6400,0.000725,0.02,0.05,,Benchmark-faithful task; paper model roster only partially available in current grid.,success,results/openrouter-low-cost-moral-psych-s100/logs/meta-llama__llama-3.1-8b-instruct/unimoral_action_prediction/2026-05-27T15-47-31-00-00_unimoral-action-prediction_Gwaejf2MMW3AKrhot2Lwp9.eval,accuracy,100,100,26230,624,0,0.000556,input + output + reasoning tokens at OpenRouter metadata rates,
meta-llama/llama-3.1-8b-instruct,Llama,M/8B,2024-Q3,within-family scaling,UniMoral,unimoral_moral_typology,accuracy,0.69,100,24470,51200,0.003049,0.02,0.05,,"Benchmark-faithful task; paper reports weighted F1, so score scale differs unless post-processed.",success,results/openrouter-low-cost-moral-psych-s100/logs/meta-llama__llama-3.1-8b-instruct/unimoral_moral_typology/2026-05-27T15-47-46-00-00_unimoral-moral-typology_7kthogzAMVbsmegMemyRDZ.eval,accuracy,100,100,31290,784,0,0.000665,input + output + reasoning tokens at OpenRouter metadata rates,
meta-llama/llama-3.1-8b-instruct,Llama,M/8B,2024-Q3,within-family scaling,UniMoral,unimoral_factor_attribution,accuracy,0.55,100,27870,51200,0.003117,0.02,0.05,,"Benchmark-faithful task; paper reports weighted F1, so score scale differs unless post-processed.",success,results/openrouter-low-cost-moral-psych-s100/logs/meta-llama__llama-3.1-8b-instruct/unimoral_factor_attribution/2026-05-27T15-47-59-00-00_unimoral-factor-attribution_eeCCEM85QotyZUYR8m3nZk.eval,accuracy,100,100,34392,753,0,0.000725,input + output + reasoning tokens at OpenRouter metadata rates,
meta-llama/llama-3.1-8b-instruct,Llama,M/8B,2024-Q3,within-family scaling,UniMoral,unimoral_consequence_generation,METEOR live scorer; BERTScore F1 is offline-only in the current release tooling,0.05886435688206401,100,18067,51200,0.002921,0.02,0.05,,Benchmark-faithful prompt route; BERTScore requires the offline release metric pass.,success,results/openrouter-low-cost-moral-psych-s100/logs/meta-llama__llama-3.1-8b-instruct/unimoral_consequence_generation/2026-05-27T15-48-12-00-00_unimoral-consequence-generation_EPjhmWzG67oAJQwiLWc3ks.eval,mean,100,100,23670,2911,0,0.000619,input + output + reasoning tokens at OpenRouter metadata rates,
meta-llama/llama-3.1-8b-instruct,Llama,M/8B,2024-Q3,within-family scaling,ValuePrism,value_prism_relevance,accuracy,0.71,100,3624,2400,0.000192,0.02,0.05,,Closest feasible prompt-classification route; not Kaleido model replication.,success,results/openrouter-low-cost-moral-psych-s100/logs/meta-llama__llama-3.1-8b-instruct/value_prism_relevance/2026-05-27T15-48-40-00-00_value-prism-relevance_iyhvgu4aPq4PszMDHjBcjz.eval,accuracy,100,100,4890,209,0,0.000108,input + output + reasoning tokens at OpenRouter metadata rates,
meta-llama/llama-3.1-8b-instruct,Llama,M/8B,2024-Q3,within-family scaling,ValuePrism,value_prism_valence,accuracy,0.4,100,4479,3200,0.000250,0.02,0.05,,Closest feasible prompt-classification route; not Kaleido model replication.,success,results/openrouter-low-cost-moral-psych-s100/logs/meta-llama__llama-3.1-8b-instruct/value_prism_valence/2026-05-27T15-48-52-00-00_value-prism-valence_oJKaVmdmFgA4iEapTyKNbM.eval,accuracy,100,100,5812,331,0,0.000133,input + output + reasoning tokens at OpenRouter metadata rates,
meta-llama/llama-3.1-8b-instruct,Llama,M/8B,2024-Q3,within-family scaling,CCD-Bench,ccd_bench_selection,valid-choice coverage plus selected-cluster distribution; not accuracy,1.0,100,34768,8000,0.001095,0.02,0.05,,"Benchmark-faithful route for choice behavior; compare cluster shares, not correctness.",success,results/openrouter-low-cost-moral-psych-s100/logs/meta-llama__llama-3.1-8b-instruct/ccd_bench_selection/2026-05-27T15-49-04-00-00_ccd-bench-selection_M49LbcPPTWNvFKVbm2nuQb.eval,mean,100,100,36108,5577,0,0.001001,input + output + reasoning tokens at OpenRouter metadata rates,
meta-llama/llama-3.3-70b-instruct,Llama,L/70B,2024-Q4,within-family scaling,UniMoral,unimoral_action_prediction,accuracy,0.65,100,20270,6400,0.004075,0.1,0.32,,Benchmark-faithful task; paper model roster only partially available in current grid.,success,results/openrouter-low-cost-moral-psych-s100/logs/meta-llama__llama-3.3-70b-instruct/unimoral_action_prediction/2026-05-27T15-49-55-00-00_unimoral-action-prediction_9eAKradufqc4NifQxspupE.eval,accuracy,100,100,27026,597,0,0.002894,input + output + reasoning tokens at OpenRouter metadata rates,
meta-llama/llama-3.3-70b-instruct,Llama,L/70B,2024-Q4,within-family scaling,UniMoral,unimoral_moral_typology,accuracy,0.7,100,24470,51200,0.018831,0.1,0.32,,"Benchmark-faithful task; paper reports weighted F1, so score scale differs unless post-processed.",success,results/openrouter-low-cost-moral-psych-s100/logs/meta-llama__llama-3.3-70b-instruct/unimoral_moral_typology/2026-05-27T15-50-15-00-00_unimoral-moral-typology_ZzARdAwmVxpQaMwbnfuJQr.eval,accuracy,100,100,30852,792,0,0.003339,input + output + reasoning tokens at OpenRouter metadata rates,
meta-llama/llama-3.3-70b-instruct,Llama,L/70B,2024-Q4,within-family scaling,UniMoral,unimoral_factor_attribution,accuracy,0.66,100,27870,51200,0.019171,0.1,0.32,,"Benchmark-faithful task; paper reports weighted F1, so score scale differs unless post-processed.",success,results/openrouter-low-cost-moral-psych-s100/logs/meta-llama__llama-3.3-70b-instruct/unimoral_factor_attribution/2026-05-27T15-50-37-00-00_unimoral-factor-attribution_o62a4kr7rXTR86ECBkfPAR.eval,accuracy,100,100,34831,723,0,0.003714,input + output + reasoning tokens at OpenRouter metadata rates,
meta-llama/llama-3.3-70b-instruct,Llama,L/70B,2024-Q4,within-family scaling,UniMoral,unimoral_consequence_generation,METEOR live scorer; BERTScore F1 is offline-only in the current release tooling,0.11542864059942358,100,18067,51200,0.018191,0.1,0.32,,Benchmark-faithful prompt route; BERTScore requires the offline release metric pass.,success,results/openrouter-low-cost-moral-psych-s100/logs/meta-llama__llama-3.3-70b-instruct/unimoral_consequence_generation/2026-05-27T15-50-59-00-00_unimoral-consequence-generation_3oYhiRNvzTqM8sDjPBbJZu.eval,mean,100,100,24012,2814,0,0.003302,input + output + reasoning tokens at OpenRouter metadata rates,
meta-llama/llama-3.3-70b-instruct,Llama,L/70B,2024-Q4,within-family scaling,ValuePrism,value_prism_relevance,accuracy,0.79,100,3624,2400,0.001130,0.1,0.32,,Closest feasible prompt-classification route; not Kaleido model replication.,success,results/openrouter-low-cost-moral-psych-s100/logs/meta-llama__llama-3.3-70b-instruct/value_prism_relevance/2026-05-27T15-51-45-00-00_value-prism-relevance_Tk4WPpCcxD6aKyapFqdddA.eval,accuracy,100,100,5612,233,0,0.000636,input + output + reasoning tokens at OpenRouter metadata rates,
meta-llama/llama-3.3-70b-instruct,Llama,L/70B,2024-Q4,within-family scaling,ValuePrism,value_prism_valence,accuracy,0.76,100,4479,3200,0.001472,0.1,0.32,,Closest feasible prompt-classification route; not Kaleido model replication.,success,results/openrouter-low-cost-moral-psych-s100/logs/meta-llama__llama-3.3-70b-instruct/value_prism_valence/2026-05-27T15-52-04-00-00_value-prism-valence_cukMQZs7YYHzY3c3smwWq9.eval,accuracy,100,100,6571,294,0,0.000751,input + output + reasoning tokens at OpenRouter metadata rates,
meta-llama/llama-3.3-70b-instruct,Llama,L/70B,2024-Q4,within-family scaling,CCD-Bench,ccd_bench_selection,valid-choice coverage plus selected-cluster distribution; not accuracy,1.0,100,34768,8000,0.006037,0.1,0.32,,"Benchmark-faithful route for choice behavior; compare cluster shares, not correctness.",success,results/openrouter-low-cost-moral-psych-s100/logs/meta-llama__llama-3.3-70b-instruct/ccd_bench_selection/2026-05-27T15-52-18-00-00_ccd-bench-selection_gMx2sAvq59dhoPQMvxhDAn.eval,mean,100,100,36711,5625,0,0.005471,input + output + reasoning tokens at OpenRouter metadata rates,
qwen/qwen-2.5-7b-instruct,Qwen,S/7B,2024-Q4,time scaling,UniMoral,unimoral_action_prediction,accuracy,0.67,100,20270,6400,0.001451,0.04,0.1,default /no_think prefix + reasoning.effort=none at run time,Benchmark-faithful task; paper model roster only partially available in current grid.,success,results/openrouter-low-cost-moral-psych-s100/logs/qwen__qwen-2.5-7b-instruct/unimoral_action_prediction/2026-05-27T15-53-22-00-00_unimoral-action-prediction_Qb2WdvoFX2Nqj7Pi2xYtm2.eval,accuracy,100,100,27638,600,0,0.001166,input + output + reasoning tokens at OpenRouter metadata rates,
qwen/qwen-2.5-7b-instruct,Qwen,S/7B,2024-Q4,time scaling,UniMoral,unimoral_moral_typology,accuracy,0.63,100,24470,51200,0.006099,0.04,0.1,default /no_think prefix + reasoning.effort=none at run time,"Benchmark-faithful task; paper reports weighted F1, so score scale differs unless post-processed.",success,results/openrouter-low-cost-moral-psych-s100/logs/qwen__qwen-2.5-7b-instruct/unimoral_moral_typology/2026-05-27T15-53-45-00-00_unimoral-moral-typology_MTY5UNaqrcEsPHQt3HU3vH.eval,accuracy,100,100,31817,835,0,0.001356,input + output + reasoning tokens at OpenRouter metadata rates,
qwen/qwen-2.5-7b-instruct,Qwen,S/7B,2024-Q4,time scaling,UniMoral,unimoral_factor_attribution,accuracy,0.52,100,27870,51200,0.006235,0.04,0.1,default /no_think prefix + reasoning.effort=none at run time,"Benchmark-faithful task; paper reports weighted F1, so score scale differs unless post-processed.",success,results/openrouter-low-cost-moral-psych-s100/logs/qwen__qwen-2.5-7b-instruct/unimoral_factor_attribution/2026-05-27T15-54-09-00-00_unimoral-factor-attribution_GVz6Q6Phyxb4YpwKQ3pZRx.eval,accuracy,100,100,35817,656,0,0.001498,input + output + reasoning tokens at OpenRouter metadata rates,
qwen/qwen-2.5-7b-instruct,Qwen,S/7B,2024-Q4,time scaling,UniMoral,unimoral_consequence_generation,METEOR live scorer; BERTScore F1 is offline-only in the current release tooling,0.07922264291340037,100,18067,51200,0.005843,0.04,0.1,default /no_think prefix + reasoning.effort=none at run time,Benchmark-faithful prompt route; BERTScore requires the offline release metric pass.,success,results/openrouter-low-cost-moral-psych-s100/logs/qwen__qwen-2.5-7b-instruct/unimoral_consequence_generation/2026-05-27T15-54-32-00-00_unimoral-consequence-generation_H7Jd3e8ZrdMABESJ3zhXE4.eval,mean,100,100,24660,3089,0,0.001295,input + output + reasoning tokens at OpenRouter metadata rates,
qwen/qwen-2.5-7b-instruct,Qwen,S/7B,2024-Q4,time scaling,ValuePrism,value_prism_relevance,accuracy,0.69,100,3624,2400,0.000385,0.04,0.1,default /no_think prefix + reasoning.effort=none at run time,Closest feasible prompt-classification route; not Kaleido model replication.,success,results/openrouter-low-cost-moral-psych-s100/logs/qwen__qwen-2.5-7b-instruct/value_prism_relevance/2026-05-27T15-55-05-00-00_value-prism-relevance_XjHYBWTdGiBmctxhJiVqpe.eval,accuracy,100,100,6936,200,0,0.000297,input + output + reasoning tokens at OpenRouter metadata rates,
qwen/qwen-2.5-7b-instruct,Qwen,S/7B,2024-Q4,time scaling,ValuePrism,value_prism_valence,accuracy,0.7,100,4479,3200,0.000499,0.04,0.1,default /no_think prefix + reasoning.effort=none at run time,Closest feasible prompt-classification route; not Kaleido model replication.,success,results/openrouter-low-cost-moral-psych-s100/logs/qwen__qwen-2.5-7b-instruct/value_prism_valence/2026-05-27T15-55-28-00-00_value-prism-valence_e7jt7whmgz7VxRnBWPCP4B.eval,accuracy,100,100,7828,270,0,0.000340,input + output + reasoning tokens at OpenRouter metadata rates,
qwen/qwen-2.5-7b-instruct,Qwen,S/7B,2024-Q4,time scaling,CCD-Bench,ccd_bench_selection,valid-choice coverage plus selected-cluster distribution; not accuracy,1.0,100,34768,8000,0.002191,0.04,0.1,default /no_think prefix + reasoning.effort=none at run time,"Benchmark-faithful route for choice behavior; compare cluster shares, not correctness.",success,results/openrouter-low-cost-moral-psych-s100/logs/qwen__qwen-2.5-7b-instruct/ccd_bench_selection/2026-05-27T15-55-51-00-00_ccd-bench-selection_ZQ5XUKAm2eMCEnCtzXSkAR.eval,mean,100,100,38553,3702,0,0.001912,input + output + reasoning tokens at OpenRouter metadata rates,
qwen/qwen3.5-9b,Qwen,S/9B,2026-Q1,time scaling,UniMoral,unimoral_action_prediction,accuracy,0.63,100,20270,6400,0.001771,0.04,0.15,default /no_think prefix + reasoning.effort=none at run time,Benchmark-faithful task; paper model roster only partially available in current grid.,success,results/openrouter-low-cost-moral-psych-s100/logs/qwen__qwen3.5-9b/unimoral_action_prediction/2026-05-27T16-57-32-00-00_unimoral-action-prediction_ACVvuEr83sAzhxnERk7TNY.eval,accuracy,100,100,20612,600,0,0.000914,input + output + reasoning tokens at OpenRouter metadata rates,
qwen/qwen3.5-9b,Qwen,S/9B,2026-Q1,time scaling,UniMoral,unimoral_moral_typology,accuracy,0.65,100,24470,51200,0.008659,0.04,0.15,default /no_think prefix + reasoning.effort=none at run time,"Benchmark-faithful task; paper reports weighted F1, so score scale differs unless post-processed.",success,results/openrouter-low-cost-moral-psych-s100/logs/qwen__qwen3.5-9b/unimoral_moral_typology/2026-05-27T15-57-07-00-00_unimoral-moral-typology_582Bf9e7qu3humQpbrgmzb.eval,accuracy,100,100,25190,884,0,0.001140,input + output + reasoning tokens at OpenRouter metadata rates,
qwen/qwen3.5-9b,Qwen,S/9B,2026-Q1,time scaling,UniMoral,unimoral_factor_attribution,accuracy,0.55,100,27870,51200,0.008795,0.04,0.15,default /no_think prefix + reasoning.effort=none at run time,"Benchmark-faithful task; paper reports weighted F1, so score scale differs unless post-processed.",success,results/openrouter-low-cost-moral-psych-s100/logs/qwen__qwen3.5-9b/unimoral_factor_attribution/2026-05-27T15-59-37-00-00_unimoral-factor-attribution_fuG4PAPcjbqLifVTZ7rWBQ.eval,accuracy,100,100,28734,799,0,0.001269,input + output + reasoning tokens at OpenRouter metadata rates,
qwen/qwen3.5-9b,Qwen,S/9B,2026-Q1,time scaling,UniMoral,unimoral_consequence_generation,METEOR live scorer; BERTScore F1 is offline-only in the current release tooling,0.04401774447404747,100,18067,51200,0.008403,0.04,0.15,default /no_think prefix + reasoning.effort=none at run time,Benchmark-faithful prompt route; BERTScore requires the offline release metric pass.,success,results/openrouter-low-cost-moral-psych-s100/logs/qwen__qwen3.5-9b/unimoral_consequence_generation/2026-05-27T16-58-32-00-00_unimoral-consequence-generation_92k8my4RRAX6Z8VKSaZjj6.eval,mean,100,100,18855,2983,0,0.001202,input + output + reasoning tokens at OpenRouter metadata rates,
qwen/qwen3.5-9b,Qwen,S/9B,2026-Q1,time scaling,ValuePrism,value_prism_relevance,accuracy,0.66,100,3624,2400,0.000505,0.04,0.15,default /no_think prefix + reasoning.effort=none at run time,Closest feasible prompt-classification route; not Kaleido model replication.,success,results/openrouter-low-cost-moral-psych-s100/logs/qwen__qwen3.5-9b/value_prism_relevance/2026-05-27T16-06-25-00-00_value-prism-relevance_nCbaBWGsKmVB78CCjcHJmX.eval,accuracy,100,100,5341,200,0,0.000244,input + output + reasoning tokens at OpenRouter metadata rates,
qwen/qwen3.5-9b,Qwen,S/9B,2026-Q1,time scaling,ValuePrism,value_prism_valence,accuracy,0.77,100,4479,3200,0.000659,0.04,0.15,default /no_think prefix + reasoning.effort=none at run time,Closest feasible prompt-classification route; not Kaleido model replication.,success,results/openrouter-low-cost-moral-psych-s100/logs/qwen__qwen3.5-9b/value_prism_valence/2026-05-27T16-08-19-00-00_value-prism-valence_4bpzZw9p6NQrmpCPsCrgLW.eval,accuracy,100,100,6116,296,0,0.000289,input + output + reasoning tokens at OpenRouter metadata rates,
qwen/qwen3.5-9b,Qwen,S/9B,2026-Q1,time scaling,CCD-Bench,ccd_bench_selection,valid-choice coverage plus selected-cluster distribution; not accuracy,1.0,100,34768,8000,0.002591,0.04,0.15,default /no_think prefix + reasoning.effort=none at run time,"Benchmark-faithful route for choice behavior; compare cluster shares, not correctness.",success,results/openrouter-low-cost-moral-psych-s100/logs/qwen__qwen3.5-9b/ccd_bench_selection/2026-05-27T16-08-50-00-00_ccd-bench-selection_5zJ28BKvkN3dV54tjoJU4V.eval,mean,100,100,38307,4496,0,0.002207,input + output + reasoning tokens at OpenRouter metadata rates,
google/gemma-2-27b-it,Gemma,L/27B,2024-Q3,time scaling,UniMoral,unimoral_action_prediction,accuracy,0.1,100,20270,6400,0.017336,0.65,0.65,,Benchmark-faithful task; paper model roster only partially available in current grid.,success,results/openrouter-low-cost-moral-psych-s100/logs/google__gemma-2-27b-it/unimoral_action_prediction/2026-05-27T16-14-36-00-00_unimoral-action-prediction_3tc9VUdj9DbTnEu3rQ5Bso.eval,accuracy,100,100,23443,1213,0,0.016026,input + output + reasoning tokens at OpenRouter metadata rates,
google/gemma-2-27b-it,Gemma,L/27B,2024-Q3,time scaling,UniMoral,unimoral_moral_typology,accuracy,0.71,100,24470,51200,0.049186,0.65,0.65,,"Benchmark-faithful task; paper reports weighted F1, so score scale differs unless post-processed.",success,results/openrouter-low-cost-moral-psych-s100/logs/google__gemma-2-27b-it/unimoral_moral_typology/2026-05-27T16-14-57-00-00_unimoral-moral-typology_4H9y64PThxw4GotwmPkt3W.eval,accuracy,100,100,27243,1226,0,0.018505,input + output + reasoning tokens at OpenRouter metadata rates,
google/gemma-2-27b-it,Gemma,L/27B,2024-Q3,time scaling,UniMoral,unimoral_factor_attribution,accuracy,0.64,100,27870,51200,0.051396,0.65,0.65,,"Benchmark-faithful task; paper reports weighted F1, so score scale differs unless post-processed.",success,results/openrouter-low-cost-moral-psych-s100/logs/google__gemma-2-27b-it/unimoral_factor_attribution/2026-05-27T16-15-20-00-00_unimoral-factor-attribution_NatHJob4bFEiUHMbSMBgWW.eval,accuracy,100,100,29943,1103,0,0.020180,input + output + reasoning tokens at OpenRouter metadata rates,
google/gemma-2-27b-it,Gemma,L/27B,2024-Q3,time scaling,UniMoral,unimoral_consequence_generation,METEOR live scorer; BERTScore F1 is offline-only in the current release tooling,0.018315785004492803,100,18067,51200,0.045024,0.65,0.65,,Benchmark-faithful prompt route; BERTScore requires the offline release metric pass.,success,results/openrouter-low-cost-moral-psych-s100/logs/google__gemma-2-27b-it/unimoral_consequence_generation/2026-05-27T16-15-42-00-00_unimoral-consequence-generation_9wSsuuw7qHVx3vtTZ8WMnj.eval,mean,100,100,20765,2887,0,0.015374,input + output + reasoning tokens at OpenRouter metadata rates,
google/gemma-2-27b-it,Gemma,L/27B,2024-Q3,time scaling,ValuePrism,value_prism_relevance,accuracy,0.74,100,3624,2400,0.003916,0.65,0.65,,Closest feasible prompt-classification route; not Kaleido model replication.,success,results/openrouter-low-cost-moral-psych-s100/logs/google__gemma-2-27b-it/value_prism_relevance/2026-05-27T16-16-20-00-00_value-prism-relevance_TSkxqMPJFUo2V5USZRE8yQ.eval,accuracy,100,100,4519,547,0,0.003293,input + output + reasoning tokens at OpenRouter metadata rates,
google/gemma-2-27b-it,Gemma,L/27B,2024-Q3,time scaling,ValuePrism,value_prism_valence,accuracy,0.73,100,4479,3200,0.004991,0.65,0.65,,Closest feasible prompt-classification route; not Kaleido model replication.,success,results/openrouter-low-cost-moral-psych-s100/logs/google__gemma-2-27b-it/value_prism_valence/2026-05-27T16-16-36-00-00_value-prism-valence_9z2DTM6QG9YkJphtuveeDU.eval,accuracy,100,100,5365,2450,0,0.005080,input + output + reasoning tokens at OpenRouter metadata rates,
google/gemma-2-27b-it,Gemma,L/27B,2024-Q3,time scaling,CCD-Bench,ccd_bench_selection,valid-choice coverage plus selected-cluster distribution; not accuracy,1.0,100,34768,8000,0.027799,0.65,0.65,,"Benchmark-faithful route for choice behavior; compare cluster shares, not correctness.",success,results/openrouter-low-cost-moral-psych-s100/logs/google__gemma-2-27b-it/ccd_bench_selection/2026-05-27T16-16-59-00-00_ccd-bench-selection_RfTfFUzTnopLwkvtQhnQuj.eval,mean,100,100,37750,4148,0,0.027234,input + output + reasoning tokens at OpenRouter metadata rates,
google/gemma-4-31b-it,Gemma,L/31B,2026-Q1,time scaling,UniMoral,unimoral_action_prediction,accuracy,0.49,100,20270,6400,0.004800,0.12,0.37,,Benchmark-faithful task; paper model roster only partially available in current grid.,success,results/openrouter-low-cost-moral-psych-s100/logs/google__gemma-4-31b-it/unimoral_action_prediction/2026-05-27T16-17-44-00-00_unimoral-action-prediction_DkGnioWnKf5SMeP9q2tvFc.eval,accuracy,100,100,23259,617,0,0.003019,input + output + reasoning tokens at OpenRouter metadata rates,
google/gemma-4-31b-it,Gemma,L/31B,2026-Q1,time scaling,UniMoral,unimoral_moral_typology,accuracy,0.65,100,24470,51200,0.021880,0.12,0.37,,"Benchmark-faithful task; paper reports weighted F1, so score scale differs unless post-processed.",success,results/openrouter-low-cost-moral-psych-s100/logs/google__gemma-4-31b-it/unimoral_moral_typology/2026-05-27T16-18-36-00-00_unimoral-moral-typology_aJxkL2gBVkxMyVmHbcBapm.eval,accuracy,100,100,27623,1132,0,0.003734,input + output + reasoning tokens at OpenRouter metadata rates,
google/gemma-4-31b-it,Gemma,L/31B,2026-Q1,time scaling,UniMoral,unimoral_factor_attribution,accuracy,0.59,100,27870,51200,0.022288,0.12,0.37,,"Benchmark-faithful task; paper reports weighted F1, so score scale differs unless post-processed.",success,results/openrouter-low-cost-moral-psych-s100/logs/google__gemma-4-31b-it/unimoral_factor_attribution/2026-05-27T16-19-47-00-00_unimoral-factor-attribution_UzdcUuSYPbaVbjr6H6jYSK.eval,accuracy,100,100,30187,803,0,0.003920,input + output + reasoning tokens at OpenRouter metadata rates,
google/gemma-4-31b-it,Gemma,L/31B,2026-Q1,time scaling,UniMoral,unimoral_consequence_generation,METEOR live scorer; BERTScore F1 is offline-only in the current release tooling,0.05867591673571509,100,18067,51200,0.021112,0.12,0.37,,Benchmark-faithful prompt route; BERTScore requires the offline release metric pass.,success,results/openrouter-low-cost-moral-psych-s100/logs/google__gemma-4-31b-it/unimoral_consequence_generation/2026-05-27T16-20-59-00-00_unimoral-consequence-generation_372i86ZeEYnnsmgFq7meHz.eval,mean,100,100,20541,3520,0,0.003767,input + output + reasoning tokens at OpenRouter metadata rates,
google/gemma-4-31b-it,Gemma,L/31B,2026-Q1,time scaling,ValuePrism,value_prism_relevance,accuracy,0.72,100,3624,2400,0.001323,0.12,0.37,,Closest feasible prompt-classification route; not Kaleido model replication.,success,results/openrouter-low-cost-moral-psych-s100/logs/google__gemma-4-31b-it/value_prism_relevance/2026-05-27T16-24-02-00-00_value-prism-relevance_B8QpxXb4SKY2P2W5TVXhDb.eval,accuracy,100,100,4927,200,0,0.000665,input + output + reasoning tokens at OpenRouter metadata rates,
google/gemma-4-31b-it,Gemma,L/31B,2026-Q1,time scaling,ValuePrism,value_prism_valence,accuracy,0.83,100,4479,3200,0.001721,0.12,0.37,,Closest feasible prompt-classification route; not Kaleido model replication.,success,results/openrouter-low-cost-moral-psych-s100/logs/google__gemma-4-31b-it/value_prism_valence/2026-05-27T16-24-26-00-00_value-prism-valence_HAYdiDxxKxWidipVD6at4H.eval,accuracy,100,100,5745,227,0,0.000773,input + output + reasoning tokens at OpenRouter metadata rates,
google/gemma-4-31b-it,Gemma,L/31B,2026-Q1,time scaling,CCD-Bench,ccd_bench_selection,valid-choice coverage plus selected-cluster distribution; not accuracy,1.0,100,34768,8000,0.007132,0.12,0.37,,"Benchmark-faithful route for choice behavior; compare cluster shares, not correctness.",success,results/openrouter-low-cost-moral-psych-s100/logs/google__gemma-4-31b-it/ccd_bench_selection/2026-05-27T16-25-03-00-00_ccd-bench-selection_7kfPM4GmGPkevdCXi8GwaM.eval,mean,100,100,37734,4496,0,0.006192,input + output + reasoning tokens at OpenRouter metadata rates,
deepseek/deepseek-chat-v3-0324,DeepSeek,chat/V3,2025-Q1,time scaling,UniMoral,unimoral_action_prediction,accuracy,0.22,100,20270,6400,0.008982,0.2,0.77,default /no_think prefix + reasoning.effort=none at run time,Benchmark-faithful task; paper model roster only partially available in current grid.,success,results/openrouter-low-cost-moral-psych-s100/logs/deepseek__deepseek-chat-v3-0324/unimoral_action_prediction/2026-05-27T16-28-32-00-00_unimoral-action-prediction_BFmNY5Ub7DRpUxzCE4zU4y.eval,accuracy,100,100,24929,633,0,0.005473,input + output + reasoning tokens at OpenRouter metadata rates,
deepseek/deepseek-chat-v3-0324,DeepSeek,chat/V3,2025-Q1,time scaling,UniMoral,unimoral_moral_typology,accuracy,0.66,100,24470,51200,0.044318,0.2,0.77,default /no_think prefix + reasoning.effort=none at run time,"Benchmark-faithful task; paper reports weighted F1, so score scale differs unless post-processed.",success,results/openrouter-low-cost-moral-psych-s100/logs/deepseek__deepseek-chat-v3-0324/unimoral_moral_typology/2026-05-27T16-29-16-00-00_unimoral-moral-typology_CR8Qipfko52jhtFJUyoEnD.eval,accuracy,100,100,28397,864,0,0.006345,input + output + reasoning tokens at OpenRouter metadata rates,
deepseek/deepseek-chat-v3-0324,DeepSeek,chat/V3,2025-Q1,time scaling,UniMoral,unimoral_factor_attribution,accuracy,0.61,100,27870,51200,0.044998,0.2,0.77,default /no_think prefix + reasoning.effort=none at run time,"Benchmark-faithful task; paper reports weighted F1, so score scale differs unless post-processed.",success,results/openrouter-low-cost-moral-psych-s100/logs/deepseek__deepseek-chat-v3-0324/unimoral_factor_attribution/2026-05-27T16-30-02-00-00_unimoral-factor-attribution_8ciYRuR6mgmPBhND4meHMd.eval,accuracy,100,100,29445,746,0,0.006463,input + output + reasoning tokens at OpenRouter metadata rates,
deepseek/deepseek-chat-v3-0324,DeepSeek,chat/V3,2025-Q1,time scaling,UniMoral,unimoral_consequence_generation,METEOR live scorer; BERTScore F1 is offline-only in the current release tooling,0.10720354124477349,100,18067,51200,0.043037,0.2,0.77,default /no_think prefix + reasoning.effort=none at run time,Benchmark-faithful prompt route; BERTScore requires the offline release metric pass.,success,results/openrouter-low-cost-moral-psych-s100/logs/deepseek__deepseek-chat-v3-0324/unimoral_consequence_generation/2026-05-27T16-30-44-00-00_unimoral-consequence-generation_cda9C3mURVVVHa2g4uXMs3.eval,mean,100,100,20984,3299,0,0.006737,input + output + reasoning tokens at OpenRouter metadata rates,
deepseek/deepseek-chat-v3-0324,DeepSeek,chat/V3,2025-Q1,time scaling,ValuePrism,value_prism_relevance,accuracy,0.68,100,3624,2400,0.002573,0.2,0.77,default /no_think prefix + reasoning.effort=none at run time,Closest feasible prompt-classification route; not Kaleido model replication.,success,results/openrouter-low-cost-moral-psych-s100/logs/deepseek__deepseek-chat-v3-0324/value_prism_relevance/2026-05-27T16-31-45-00-00_value-prism-relevance_J4x23e7i9uDNrnmH3PZj4p.eval,accuracy,100,100,4139,139,0,0.000935,input + output + reasoning tokens at OpenRouter metadata rates,
deepseek/deepseek-chat-v3-0324,DeepSeek,chat/V3,2025-Q1,time scaling,ValuePrism,value_prism_valence,accuracy,0.78,100,4479,3200,0.003360,0.2,0.77,default /no_think prefix + reasoning.effort=none at run time,Closest feasible prompt-classification route; not Kaleido model replication.,success,results/openrouter-low-cost-moral-psych-s100/logs/deepseek__deepseek-chat-v3-0324/value_prism_valence/2026-05-27T16-32-30-00-00_value-prism-valence_jq36MPxqqSAFK8o3HV3kys.eval,accuracy,100,100,5018,1583,0,0.002223,input + output + reasoning tokens at OpenRouter metadata rates,
deepseek/deepseek-chat-v3-0324,DeepSeek,chat/V3,2025-Q1,time scaling,CCD-Bench,ccd_bench_selection,valid-choice coverage plus selected-cluster distribution; not accuracy,1.0,100,34768,8000,0.013114,0.2,0.77,default /no_think prefix + reasoning.effort=none at run time,"Benchmark-faithful route for choice behavior; compare cluster shares, not correctness.",success,results/openrouter-low-cost-moral-psych-s100/logs/deepseek__deepseek-chat-v3-0324/ccd_bench_selection/2026-05-27T16-33-19-00-00_ccd-bench-selection_VwCDZJYsHy3XRCFx42TxvS.eval,mean,100,100,32975,11071,0,0.015120,input + output + reasoning tokens at OpenRouter metadata rates,
deepseek/deepseek-chat-v3.1,DeepSeek,chat/V3.1,2025-Q3,time scaling,UniMoral,unimoral_action_prediction,accuracy,0.61,100,20270,6400,0.009313,0.21,0.79,default /no_think prefix + reasoning.effort=none at run time,Benchmark-faithful task; paper model roster only partially available in current grid.,success,results/openrouter-low-cost-moral-psych-s100/logs/deepseek__deepseek-chat-v3.1/unimoral_action_prediction/2026-05-27T16-35-05-00-00_unimoral-action-prediction_HbA5QjZR78zqvEsyQzV6MC.eval,accuracy,100,100,24274,592,0,0.005565,input + output + reasoning tokens at OpenRouter metadata rates,
deepseek/deepseek-chat-v3.1,DeepSeek,chat/V3.1,2025-Q3,time scaling,UniMoral,unimoral_moral_typology,accuracy,0.65,100,24470,51200,0.045587,0.21,0.79,default /no_think prefix + reasoning.effort=none at run time,"Benchmark-faithful task; paper reports weighted F1, so score scale differs unless post-processed.",success,results/openrouter-low-cost-moral-psych-s100/logs/deepseek__deepseek-chat-v3.1/unimoral_moral_typology/2026-05-27T16-35-54-00-00_unimoral-moral-typology_CVx9oh9XB9b5xirYPEpLBK.eval,accuracy,100,100,29544,755,0,0.006801,input + output + reasoning tokens at OpenRouter metadata rates,
deepseek/deepseek-chat-v3.1,DeepSeek,chat/V3.1,2025-Q3,time scaling,UniMoral,unimoral_factor_attribution,accuracy,0.6,100,27870,51200,0.046301,0.21,0.79,default /no_think prefix + reasoning.effort=none at run time,"Benchmark-faithful task; paper reports weighted F1, so score scale differs unless post-processed.",success,results/openrouter-low-cost-moral-psych-s100/logs/deepseek__deepseek-chat-v3.1/unimoral_factor_attribution/2026-05-27T16-36-36-00-00_unimoral-factor-attribution_G4LcNtGhTRwUP29pbdyCu9.eval,accuracy,100,100,32349,574,0,0.007247,input + output + reasoning tokens at OpenRouter metadata rates,
deepseek/deepseek-chat-v3.1,DeepSeek,chat/V3.1,2025-Q3,time scaling,UniMoral,unimoral_consequence_generation,METEOR live scorer; BERTScore F1 is offline-only in the current release tooling,0.10045506786566306,100,18067,51200,0.044242,0.21,0.79,default /no_think prefix + reasoning.effort=none at run time,Benchmark-faithful prompt route; BERTScore requires the offline release metric pass.,success,results/openrouter-low-cost-moral-psych-s100/logs/deepseek__deepseek-chat-v3.1/unimoral_consequence_generation/2026-05-27T16-37-12-00-00_unimoral-consequence-generation_ndqCoyaH6dH9toQv8Vfeuk.eval,mean,100,100,21506,4520,0,0.008087,input + output + reasoning tokens at OpenRouter metadata rates,
deepseek/deepseek-chat-v3.1,DeepSeek,chat/V3.1,2025-Q3,time scaling,ValuePrism,value_prism_relevance,accuracy,0.69,100,3624,2400,0.002657,0.21,0.79,default /no_think prefix + reasoning.effort=none at run time,Closest feasible prompt-classification route; not Kaleido model replication.,success,results/openrouter-low-cost-moral-psych-s100/logs/deepseek__deepseek-chat-v3.1/value_prism_relevance/2026-05-27T16-38-40-00-00_value-prism-relevance_ihNLyh8xmzEg8JjpobzhFr.eval,accuracy,100,100,4495,171,0,0.001079,input + output + reasoning tokens at OpenRouter metadata rates,
deepseek/deepseek-chat-v3.1,DeepSeek,chat/V3.1,2025-Q3,time scaling,ValuePrism,value_prism_valence,accuracy,0.57,100,4479,3200,0.003469,0.21,0.79,default /no_think prefix + reasoning.effort=none at run time,Closest feasible prompt-classification route; not Kaleido model replication.,success,results/openrouter-low-cost-moral-psych-s100/logs/deepseek__deepseek-chat-v3.1/value_prism_valence/2026-05-27T16-39-24-00-00_value-prism-valence_TK5RyWnwgB9vHqBLdDMNrJ.eval,accuracy,100,100,5242,264,0,0.001309,input + output + reasoning tokens at OpenRouter metadata rates,
deepseek/deepseek-chat-v3.1,DeepSeek,chat/V3.1,2025-Q3,time scaling,CCD-Bench,ccd_bench_selection,valid-choice coverage plus selected-cluster distribution; not accuracy,1.0,100,34768,8000,0.013621,0.21,0.79,default /no_think prefix + reasoning.effort=none at run time,"Benchmark-faithful route for choice behavior; compare cluster shares, not correctness.",success,results/openrouter-low-cost-moral-psych-s100/logs/deepseek__deepseek-chat-v3.1/ccd_bench_selection/2026-05-27T16-40-14-00-00_ccd-bench-selection_awYeQfokXc8pJu3Cd3ZGz9.eval,mean,100,100,34950,4732,0,0.011078,input + output + reasoning tokens at OpenRouter metadata rates,
deepseek/deepseek-v3.2,DeepSeek,chat/V3.2,2025-Q4,time scaling,UniMoral,unimoral_action_prediction,accuracy,0.65,100,20270,6400,0.007527,0.252,0.378,default /no_think prefix + reasoning.effort=none at run time,Benchmark-faithful task; paper model roster only partially available in current grid.,success,results/openrouter-low-cost-moral-psych-s100/logs/deepseek__deepseek-v3.2/unimoral_action_prediction/2026-05-27T16-41-27-00-00_unimoral-action-prediction_hKMLkdeysYDauzvmpjLAS3.eval,accuracy,100,100,22716,564,0,0.005938,input + output + reasoning tokens at OpenRouter metadata rates,
deepseek/deepseek-v3.2,DeepSeek,chat/V3.2,2025-Q4,time scaling,UniMoral,unimoral_moral_typology,accuracy,0.66,100,24470,51200,0.025520,0.252,0.378,default /no_think prefix + reasoning.effort=none at run time,"Benchmark-faithful task; paper reports weighted F1, so score scale differs unless post-processed.",success,results/openrouter-low-cost-moral-psych-s100/logs/deepseek__deepseek-v3.2/unimoral_moral_typology/2026-05-27T16-42-37-00-00_unimoral-moral-typology_iNW6ansrgySCr2AMkSzmqV.eval,accuracy,100,100,26032,742,0,0.006841,input + output + reasoning tokens at OpenRouter metadata rates,
deepseek/deepseek-v3.2,DeepSeek,chat/V3.2,2025-Q4,time scaling,UniMoral,unimoral_factor_attribution,accuracy,0.58,100,27870,51200,0.026377,0.252,0.378,default /no_think prefix + reasoning.effort=none at run time,"Benchmark-faithful task; paper reports weighted F1, so score scale differs unless post-processed.",success,results/openrouter-low-cost-moral-psych-s100/logs/deepseek__deepseek-v3.2/unimoral_factor_attribution/2026-05-27T16-43-35-00-00_unimoral-factor-attribution_3A6qDk6Vs8tDajgMrkK6hd.eval,accuracy,100,100,27899,575,0,0.007248,input + output + reasoning tokens at OpenRouter metadata rates,
deepseek/deepseek-v3.2,DeepSeek,chat/V3.2,2025-Q4,time scaling,UniMoral,unimoral_consequence_generation,METEOR live scorer; BERTScore F1 is offline-only in the current release tooling,0.10913799647543626,100,18067,51200,0.023906,0.252,0.378,default /no_think prefix + reasoning.effort=none at run time,Benchmark-faithful prompt route; BERTScore requires the offline release metric pass.,success,results/openrouter-low-cost-moral-psych-s100/logs/deepseek__deepseek-v3.2/unimoral_consequence_generation/2026-05-27T16-44-26-00-00_unimoral-consequence-generation_c6ToNo4irDmYsgGMJVfr7T.eval,mean,100,100,19052,4833,0,0.006628,input + output + reasoning tokens at OpenRouter metadata rates,
deepseek/deepseek-v3.2,DeepSeek,chat/V3.2,2025-Q4,time scaling,ValuePrism,value_prism_relevance,accuracy,0.7,100,3624,2400,0.001820,0.252,0.378,default /no_think prefix + reasoning.effort=none at run time,Closest feasible prompt-classification route; not Kaleido model replication.,success,results/openrouter-low-cost-moral-psych-s100/logs/deepseek__deepseek-v3.2/value_prism_relevance/2026-05-27T16-45-44-00-00_value-prism-relevance_i3mtwmR39KRhwM3jR6AmBw.eval,accuracy,100,100,4169,157,0,0.001110,input + output + reasoning tokens at OpenRouter metadata rates,
deepseek/deepseek-v3.2,DeepSeek,chat/V3.2,2025-Q4,time scaling,ValuePrism,value_prism_valence,accuracy,0.53,100,4479,3200,0.002338,0.252,0.378,default /no_think prefix + reasoning.effort=none at run time,Closest feasible prompt-classification route; not Kaleido model replication.,success,results/openrouter-low-cost-moral-psych-s100/logs/deepseek__deepseek-v3.2/value_prism_valence/2026-05-27T16-46-32-00-00_value-prism-valence_Tme8UPC33TnHhytwnKAU7v.eval,accuracy,100,100,4717,244,0,0.001281,input + output + reasoning tokens at OpenRouter metadata rates,
deepseek/deepseek-v3.2,DeepSeek,chat/V3.2,2025-Q4,time scaling,CCD-Bench,ccd_bench_selection,valid-choice coverage plus selected-cluster distribution; not accuracy,1.0,100,34768,8000,0.011786,0.252,0.378,default /no_think prefix + reasoning.effort=none at run time,"Benchmark-faithful route for choice behavior; compare cluster shares, not correctness.",success,results/openrouter-low-cost-moral-psych-s100/logs/deepseek__deepseek-v3.2/ccd_bench_selection/2026-05-27T16-47-18-00-00_ccd-bench-selection_YXxqSNCqMGrYCUYSfFCW7w.eval,mean,100,100,30939,4560,0,0.009520,input + output + reasoning tokens at OpenRouter metadata rates,
deepseek/deepseek-v4-flash,DeepSeek,flash/V4,2026-Q2,time scaling,UniMoral,unimoral_action_prediction,accuracy,0.64,100,20270,6400,0.003307,0.1,0.2,default /no_think prefix + reasoning.effort=none at run time,Benchmark-faithful task; paper model roster only partially available in current grid.,success,results/openrouter-low-cost-moral-psych-s100/logs/deepseek__deepseek-v4-flash/unimoral_action_prediction/2026-05-27T16-48-43-00-00_unimoral-action-prediction_HQDu5xwfHa8FGFxN2abg39.eval,accuracy,100,100,22852,5417,4842,0.004337,input + output + reasoning tokens at OpenRouter metadata rates,
deepseek/deepseek-v4-flash,DeepSeek,flash/V4,2026-Q2,time scaling,UniMoral,unimoral_moral_typology,accuracy,0.68,100,24470,51200,0.012687,0.1,0.2,default /no_think prefix + reasoning.effort=none at run time,"Benchmark-faithful task; paper reports weighted F1, so score scale differs unless post-processed.",success,results/openrouter-low-cost-moral-psych-s100/logs/deepseek__deepseek-v4-flash/unimoral_moral_typology/2026-05-27T16-49-48-00-00_unimoral-moral-typology_oCvRqitatzzhvmbUc7kxMR.eval,accuracy,100,100,27215,4037,3162,0.004161,input + output + reasoning tokens at OpenRouter metadata rates,
deepseek/deepseek-v4-flash,DeepSeek,flash/V4,2026-Q2,time scaling,UniMoral,unimoral_factor_attribution,accuracy,0.6,100,27870,51200,0.013027,0.1,0.2,default /no_think prefix + reasoning.effort=none at run time,"Benchmark-faithful task; paper reports weighted F1, so score scale differs unless post-processed.",success,results/openrouter-low-cost-moral-psych-s100/logs/deepseek__deepseek-v4-flash/unimoral_factor_attribution/2026-05-27T16-50-39-00-00_unimoral-factor-attribution_PKsJR2Uxr7Y9USzrPT9jQQ.eval,accuracy,100,100,30407,4637,3879,0.004744,input + output + reasoning tokens at OpenRouter metadata rates,
deepseek/deepseek-v4-flash,DeepSeek,flash/V4,2026-Q2,time scaling,UniMoral,unimoral_consequence_generation,METEOR live scorer; BERTScore F1 is offline-only in the current release tooling,0.10307415951305098,100,18067,51200,0.012047,0.1,0.2,default /no_think prefix + reasoning.effort=none at run time,Benchmark-faithful prompt route; BERTScore requires the offline release metric pass.,success,results/openrouter-low-cost-moral-psych-s100/logs/deepseek__deepseek-v4-flash/unimoral_consequence_generation/2026-05-27T16-51-55-00-00_unimoral-consequence-generation_BhmYQhzapWRwgPiNA3GUh5.eval,mean,100,100,20652,6719,1932,0.003795,input + output + reasoning tokens at OpenRouter metadata rates,
deepseek/deepseek-v4-flash,DeepSeek,flash/V4,2026-Q2,time scaling,ValuePrism,value_prism_relevance,accuracy,0.73,100,3624,2400,0.000842,0.1,0.2,default /no_think prefix + reasoning.effort=none at run time,Closest feasible prompt-classification route; not Kaleido model replication.,success,results/openrouter-low-cost-moral-psych-s100/logs/deepseek__deepseek-v4-flash/value_prism_relevance/2026-05-27T16-53-20-00-00_value-prism-relevance_Qf6P4EQKyTP52hndHW8KFh.eval,accuracy,100,100,4297,1573,1396,0.001024,input + output + reasoning tokens at OpenRouter metadata rates,
deepseek/deepseek-v4-flash,DeepSeek,flash/V4,2026-Q2,time scaling,ValuePrism,value_prism_valence,accuracy,0.72,100,4479,3200,0.001088,0.1,0.2,default /no_think prefix + reasoning.effort=none at run time,Closest feasible prompt-classification route; not Kaleido model replication.,success,results/openrouter-low-cost-moral-psych-s100/logs/deepseek__deepseek-v4-flash/value_prism_valence/2026-05-27T16-54-24-00-00_value-prism-valence_gqaQN6p2jFDUqzFTnrDBWm.eval,accuracy,100,100,5086,1787,1521,0.001170,input + output + reasoning tokens at OpenRouter metadata rates,
deepseek/deepseek-v4-flash,DeepSeek,flash/V4,2026-Q2,time scaling,CCD-Bench,ccd_bench_selection,valid-choice coverage plus selected-cluster distribution; not accuracy,1.0,100,34768,8000,0.005077,0.1,0.2,default /no_think prefix + reasoning.effort=none at run time,"Benchmark-faithful route for choice behavior; compare cluster shares, not correctness.",success,results/openrouter-low-cost-moral-psych-s100/logs/deepseek__deepseek-v4-flash/ccd_bench_selection/2026-05-27T16-55-28-00-00_ccd-bench-selection_7owWjNY3Dc4np3MtsRLNLp.eval,mean,100,100,32985,8496,3942,0.005786,input + output + reasoning tokens at OpenRouter metadata rates,
