model_line,model_family,size_slot,prompt_family,prompt_count,protective_response_rate,risky_continuation_rate,empty_response_rate,dominant_behavior
Qwen-S,Qwen,S,Illicit access / sabotage,798,98.120301,1.879699,0.000000,Protective refusal
Qwen-S,Qwen,S,Violence / physical harm,608,99.342105,0.493421,0.000000,Corrective / contextual response
Qwen-S,Qwen,S,Privacy / reputational harm,351,98.290598,1.709402,0.000000,Protective refusal
Qwen-S,Qwen,S,Bias / stereotype provocation,3,100.000000,0.000000,0.000000,Corrective / contextual response
Qwen-S,Qwen,S,Loaded social / political judgment,60,98.333333,1.666667,0.000000,Corrective / contextual response
Qwen-S,Qwen,S,Drug or self-endangerment,16,100.000000,0.000000,0.000000,Protective redirect
Qwen-M,Qwen,M,Illicit access / sabotage,798,97.869674,2.130326,0.000000,Protective refusal
Qwen-M,Qwen,M,Violence / physical harm,608,97.697368,1.973684,0.000000,Corrective / contextual response
Qwen-M,Qwen,M,Privacy / reputational harm,351,98.575499,0.854701,0.000000,Protective refusal
Qwen-M,Qwen,M,Bias / stereotype provocation,3,100.000000,0.000000,0.000000,Corrective / contextual response
Qwen-M,Qwen,M,Loaded social / political judgment,60,95.000000,5.000000,0.000000,Corrective / contextual response
Qwen-M,Qwen,M,Drug or self-endangerment,16,93.750000,6.250000,0.000000,Protective redirect
Qwen-L,Qwen,L,Illicit access / sabotage,798,97.493734,2.380952,0.000000,Protective refusal
Qwen-L,Qwen,L,Violence / physical harm,608,96.875000,3.125000,0.000000,Protective refusal
Qwen-L,Qwen,L,Privacy / reputational harm,351,98.860399,0.854701,0.000000,Protective refusal
Qwen-L,Qwen,L,Bias / stereotype provocation,3,100.000000,0.000000,0.000000,Corrective / contextual response
Qwen-L,Qwen,L,Loaded social / political judgment,60,90.000000,10.000000,0.000000,Corrective / contextual response
Qwen-L,Qwen,L,Drug or self-endangerment,16,100.000000,0.000000,0.000000,Protective refusal
MiniMax-S,MiniMax,S,Illicit access / sabotage,798,96.741855,3.258145,0.000000,Protective refusal
MiniMax-S,MiniMax,S,Violence / physical harm,608,94.407895,5.592105,0.000000,Protective refusal
MiniMax-S,MiniMax,S,Privacy / reputational harm,351,99.145299,0.854701,0.000000,Protective refusal
MiniMax-S,MiniMax,S,Bias / stereotype provocation,3,66.666667,33.333333,0.000000,Corrective / contextual response
MiniMax-S,MiniMax,S,Loaded social / political judgment,60,66.666667,33.333333,0.000000,Corrective / contextual response
MiniMax-S,MiniMax,S,Drug or self-endangerment,16,100.000000,0.000000,0.000000,Protective refusal
MiniMax-M,MiniMax,M,Illicit access / sabotage,798,96.992481,3.007519,0.000000,Protective refusal
MiniMax-M,MiniMax,M,Violence / physical harm,608,93.092105,6.743421,0.000000,Protective refusal
MiniMax-M,MiniMax,M,Privacy / reputational harm,351,97.435897,2.279202,0.000000,Protective refusal
MiniMax-M,MiniMax,M,Bias / stereotype provocation,3,100.000000,0.000000,0.000000,Corrective / contextual response
MiniMax-M,MiniMax,M,Loaded social / political judgment,60,80.000000,20.000000,0.000000,Corrective / contextual response
MiniMax-M,MiniMax,M,Drug or self-endangerment,16,100.000000,0.000000,0.000000,Protective refusal
MiniMax-L,MiniMax,L,Illicit access / sabotage,798,97.243108,2.631579,0.000000,Protective refusal
MiniMax-L,MiniMax,L,Violence / physical harm,608,92.105263,7.730263,0.000000,Protective refusal
MiniMax-L,MiniMax,L,Privacy / reputational harm,351,97.720798,1.994302,0.000000,Protective refusal
MiniMax-L,MiniMax,L,Bias / stereotype provocation,3,100.000000,0.000000,0.000000,Corrective / contextual response
MiniMax-L,MiniMax,L,Loaded social / political judgment,60,76.666667,23.333333,0.000000,Corrective / contextual response
MiniMax-L,MiniMax,L,Drug or self-endangerment,16,100.000000,0.000000,0.000000,Protective refusal
DeepSeek-S,DeepSeek,S,Illicit access / sabotage,798,87.468672,12.531328,0.000000,Protective refusal
DeepSeek-S,DeepSeek,S,Violence / physical harm,608,83.552632,15.953947,0.493421,Protective refusal
DeepSeek-S,DeepSeek,S,Privacy / reputational harm,351,92.022792,7.407407,0.284900,Protective redirect
DeepSeek-S,DeepSeek,S,Bias / stereotype provocation,3,66.666667,33.333333,0.000000,Corrective / contextual response
DeepSeek-S,DeepSeek,S,Loaded social / political judgment,60,10.000000,88.333333,1.666667,Potentially risky continuation
DeepSeek-S,DeepSeek,S,Drug or self-endangerment,16,93.750000,6.250000,0.000000,Protective refusal
DeepSeek-M,DeepSeek,M,Illicit access / sabotage,798,97.493734,2.380952,0.000000,Protective refusal
DeepSeek-M,DeepSeek,M,Violence / physical harm,608,96.052632,3.782895,0.000000,Protective refusal
DeepSeek-M,DeepSeek,M,Privacy / reputational harm,351,98.290598,1.424501,0.000000,Protective refusal
DeepSeek-M,DeepSeek,M,Bias / stereotype provocation,3,100.000000,0.000000,0.000000,Corrective / contextual response
DeepSeek-M,DeepSeek,M,Loaded social / political judgment,60,100.000000,0.000000,0.000000,Corrective / contextual response
DeepSeek-M,DeepSeek,M,Drug or self-endangerment,16,100.000000,0.000000,0.000000,Protective refusal
DeepSeek-L,DeepSeek,L,Illicit access / sabotage,798,90.225564,3.132832,0.751880,Protective refusal
DeepSeek-L,DeepSeek,L,Violence / physical harm,608,87.171053,9.046053,0.493421,Protective refusal
DeepSeek-L,DeepSeek,L,Privacy / reputational harm,351,94.871795,1.424501,0.569801,Protective refusal
DeepSeek-L,DeepSeek,L,Bias / stereotype provocation,3,66.666667,33.333333,0.000000,Protective refusal
DeepSeek-L,DeepSeek,L,Loaded social / political judgment,60,18.333333,81.666667,0.000000,Potentially risky continuation
DeepSeek-L,DeepSeek,L,Drug or self-endangerment,16,87.500000,0.000000,0.000000,Protective refusal
Llama-S,Llama,S,Illicit access / sabotage,798,97.619048,0.751880,0.000000,Protective refusal
Llama-S,Llama,S,Violence / physical harm,608,98.848684,0.657895,0.000000,Protective refusal
Llama-S,Llama,S,Privacy / reputational harm,351,99.145299,0.569801,0.000000,Protective refusal
Llama-S,Llama,S,Bias / stereotype provocation,3,100.000000,0.000000,0.000000,Corrective / contextual response
Llama-S,Llama,S,Loaded social / political judgment,60,100.000000,0.000000,0.000000,Corrective / contextual response
Llama-S,Llama,S,Drug or self-endangerment,16,100.000000,0.000000,0.000000,Protective refusal
Llama-M,Llama,M,Illicit access / sabotage,798,98.245614,1.127820,0.000000,Protective refusal
Llama-M,Llama,M,Violence / physical harm,608,97.697368,1.151316,0.000000,Corrective / contextual response
Llama-M,Llama,M,Privacy / reputational harm,351,98.005698,1.424501,0.000000,Protective refusal
Llama-M,Llama,M,Bias / stereotype provocation,3,100.000000,0.000000,0.000000,Corrective / contextual response
Llama-M,Llama,M,Loaded social / political judgment,60,100.000000,0.000000,0.000000,Corrective / contextual response
Llama-M,Llama,M,Drug or self-endangerment,16,100.000000,0.000000,0.000000,Protective refusal
Llama-L,Llama,L,Illicit access / sabotage,798,98.370927,1.503759,0.000000,Protective refusal
Llama-L,Llama,L,Violence / physical harm,608,98.026316,1.973684,0.000000,Protective refusal
Llama-L,Llama,L,Privacy / reputational harm,351,96.866097,3.133903,0.000000,Protective refusal
Llama-L,Llama,L,Bias / stereotype provocation,3,100.000000,0.000000,0.000000,Corrective / contextual response
Llama-L,Llama,L,Loaded social / political judgment,60,90.000000,10.000000,0.000000,Corrective / contextual response
Llama-L,Llama,L,Drug or self-endangerment,16,100.000000,0.000000,0.000000,Protective refusal
Gemma-S,Gemma,S,Illicit access / sabotage,798,98.997494,0.501253,0.000000,Protective refusal
Gemma-S,Gemma,S,Violence / physical harm,608,97.532895,1.151316,0.000000,Protective redirect
Gemma-S,Gemma,S,Privacy / reputational harm,351,99.430199,0.284900,0.000000,Protective refusal
Gemma-S,Gemma,S,Bias / stereotype provocation,3,100.000000,0.000000,0.000000,Corrective / contextual response
Gemma-S,Gemma,S,Loaded social / political judgment,60,96.666667,3.333333,0.000000,Corrective / contextual response
Gemma-S,Gemma,S,Drug or self-endangerment,16,100.000000,0.000000,0.000000,Protective redirect
Gemma-M,Gemma,M,Illicit access / sabotage,798,98.120301,0.000000,0.000000,Protective refusal
Gemma-M,Gemma,M,Violence / physical harm,608,96.381579,0.493421,0.000000,Protective refusal
Gemma-M,Gemma,M,Privacy / reputational harm,351,99.145299,0.000000,0.000000,Protective refusal
Gemma-M,Gemma,M,Bias / stereotype provocation,3,100.000000,0.000000,0.000000,Protective refusal
Gemma-M,Gemma,M,Loaded social / political judgment,60,100.000000,0.000000,0.000000,Corrective / contextual response
Gemma-M,Gemma,M,Drug or self-endangerment,16,100.000000,0.000000,0.000000,Protective refusal
Gemma-L,Gemma,L,Illicit access / sabotage,798,99.373434,0.250627,0.000000,Protective refusal
Gemma-L,Gemma,L,Violence / physical harm,608,98.519737,1.151316,0.000000,Protective redirect
Gemma-L,Gemma,L,Privacy / reputational harm,351,99.430199,0.284900,0.000000,Protective refusal
Gemma-L,Gemma,L,Bias / stereotype provocation,3,100.000000,0.000000,0.000000,Corrective / contextual response
Gemma-L,Gemma,L,Loaded social / political judgment,60,95.000000,5.000000,0.000000,Corrective / contextual response
Gemma-L,Gemma,L,Drug or self-endangerment,16,100.000000,0.000000,0.000000,Protective refusal
