paper_model,openrouter_model_id,benchmark,task_name,run_stage,run_status,metric,score,stderr,total_samples,completed_samples,scored_samples,unscored_samples,input_tokens,output_tokens,reasoning_tokens,actual_cost_usd,cost_method,log_path,completed_at,comparison_boundary
Llama-3.1-8B Instruct,meta-llama/llama-3.1-8b-instruct,UniMoral RQ1-RQ4,unimoral_action_prediction,smoke,success,accuracy,0.000000000,0.000000000,1,1,1,0,266,6,0,0.000005,"OpenRouter catalog price: $0.02/M input, $0.03/M output; reasoning tokens charged as output if present.",results/paper-calibration-exact-20260706-unimoral-llama31/logs/meta-llama__llama-3.1-8b-instruct/unimoral_action_prediction/smoke/2026-07-06T18-00-50-00-00_unimoral-action-prediction_ZDyXLjbVyitsRUdqquWRdH.eval,2026-07-06T18:00:51.271842+00:00,Exact same model for UniMoral paper roster; repo metrics are accuracy for RQ1-RQ3 and live METEOR for RQ4. BERTScore F1 requires offline release scoring before citation.
Llama-3.1-8B Instruct,meta-llama/llama-3.1-8b-instruct,UniMoral RQ1-RQ4,unimoral_consequence_generation,smoke,success,meteor_live,0.000000000,0.000000000,1,1,1,0,227,22,0,0.000005,"OpenRouter catalog price: $0.02/M input, $0.03/M output; reasoning tokens charged as output if present.",results/paper-calibration-exact-20260706-unimoral-llama31/logs/meta-llama__llama-3.1-8b-instruct/unimoral_consequence_generation/smoke/2026-07-06T18-00-49-00-00_unimoral-consequence-generation_gGsC7W4awYZCW4bqtvFn9V.eval,2026-07-06T18:00:55.071452+00:00,Exact same model for UniMoral paper roster; repo metrics are accuracy for RQ1-RQ3 and live METEOR for RQ4. BERTScore F1 requires offline release scoring before citation.
Llama-3.1-8B Instruct,meta-llama/llama-3.1-8b-instruct,UniMoral RQ1-RQ4,unimoral_factor_attribution,smoke,success,accuracy,0.000000000,0.000000000,1,1,1,0,372,8,0,0.000008,"OpenRouter catalog price: $0.02/M input, $0.03/M output; reasoning tokens charged as output if present.",results/paper-calibration-exact-20260706-unimoral-llama31/logs/meta-llama__llama-3.1-8b-instruct/unimoral_factor_attribution/smoke/2026-07-06T18-00-49-00-00_unimoral-factor-attribution_YkeghrEE9frTvNtXNrQTkC.eval,2026-07-06T18:00:50.632981+00:00,Exact same model for UniMoral paper roster; repo metrics are accuracy for RQ1-RQ3 and live METEOR for RQ4. BERTScore F1 requires offline release scoring before citation.
Llama-3.1-8B Instruct,meta-llama/llama-3.1-8b-instruct,UniMoral RQ1-RQ4,unimoral_moral_typology,smoke,success,accuracy,1.000000000,0.000000000,1,1,1,0,312,7,0,0.000006,"OpenRouter catalog price: $0.02/M input, $0.03/M output; reasoning tokens charged as output if present.",results/paper-calibration-exact-20260706-unimoral-llama31/logs/meta-llama__llama-3.1-8b-instruct/unimoral_moral_typology/smoke/2026-07-06T18-00-49-00-00_unimoral-moral-typology_Mc96hfDRoajVxnjEcyr5Hb.eval,2026-07-06T18:00:50.975033+00:00,Exact same model for UniMoral paper roster; repo metrics are accuracy for RQ1-RQ3 and live METEOR for RQ4. BERTScore F1 requires offline release scoring before citation.
Llama-3.1-8B Instruct,meta-llama/llama-3.1-8b-instruct,UniMoral RQ1-RQ4,unimoral_action_prediction,full,success,accuracy,0.621926230,0.005174117,8784,8784,8784,0,2259481,51396,0,0.046732,"OpenRouter catalog price: $0.02/M input, $0.03/M output; reasoning tokens charged as output if present.",results/paper-calibration-exact-20260706-unimoral-llama31/logs/meta-llama__llama-3.1-8b-instruct/unimoral_action_prediction/full/2026-07-06T18-01-24-00-00_unimoral-action-prediction_5ttgcrY6NUTRcvowFBAjZJ.eval,2026-07-06T18:20:25.005480+00:00,Exact same model for UniMoral paper roster; repo metrics are accuracy for RQ1-RQ3 and live METEOR for RQ4. BERTScore F1 requires offline release scoring before citation.
Llama-3.1-8B Instruct,meta-llama/llama-3.1-8b-instruct,UniMoral RQ1-RQ4,unimoral_consequence_generation,full,success,meteor_live,0.121226419,0.003007563,1782,1782,1782,0,407508,61443,0,0.009993,"OpenRouter catalog price: $0.02/M input, $0.03/M output; reasoning tokens charged as output if present.",results/paper-calibration-exact-20260706-unimoral-llama31/logs/meta-llama__llama-3.1-8b-instruct/unimoral_consequence_generation/full/2026-07-06T18-01-23-00-00_unimoral-consequence-generation_DcSaipKrcbGS7aJXZiNtcW.eval,2026-07-06T18:11:59.691036+00:00,Exact same model for UniMoral paper roster; repo metrics are accuracy for RQ1-RQ3 and live METEOR for RQ4. BERTScore F1 requires offline release scoring before citation.
Llama-3.1-8B Instruct,meta-llama/llama-3.1-8b-instruct,UniMoral RQ1-RQ4,unimoral_consequence_generation,full_offline,success,bert_score_f1,0.655539454,0.002386534,1782,1782,1782,0,0,0,0,0.000000,Offline BERTScore computed from the completed full RQ4 eval; no provider tokens or cost.,results/paper-calibration-exact-20260706-unimoral-llama31/unimoral-rq4-bertscore.csv,2026-07-06T18:48:48.216781+00:00,"Exact same model for UniMoral paper roster; repo RQ4 now has offline BERTScore F1 and live METEOR, while paper and repo metric scales still differ."
Llama-3.1-8B Instruct,meta-llama/llama-3.1-8b-instruct,UniMoral RQ1-RQ4,unimoral_factor_attribution,full,success,accuracy,0.594788087,0.008308972,3492,3492,3492,0,1169221,25406,0,0.024147,"OpenRouter catalog price: $0.02/M input, $0.03/M output; reasoning tokens charged as output if present.",results/paper-calibration-exact-20260706-unimoral-llama31/logs/meta-llama__llama-3.1-8b-instruct/unimoral_factor_attribution/full/2026-07-06T18-01-23-00-00_unimoral-factor-attribution_7LGz5zttxq7f2gpY86ZSRS.eval,2026-07-06T18:09:45.405860+00:00,Exact same model for UniMoral paper roster; repo metrics are accuracy for RQ1-RQ3 and live METEOR for RQ4. BERTScore F1 requires offline release scoring before citation.
Llama-3.1-8B Instruct,meta-llama/llama-3.1-8b-instruct,UniMoral RQ1-RQ4,unimoral_moral_typology,full,success,accuracy,0.602233677,0.008283647,3492,3492,3492,0,1073125,26539,0,0.022259,"OpenRouter catalog price: $0.02/M input, $0.03/M output; reasoning tokens charged as output if present.",results/paper-calibration-exact-20260706-unimoral-llama31/logs/meta-llama__llama-3.1-8b-instruct/unimoral_moral_typology/full/2026-07-06T18-01-23-00-00_unimoral-moral-typology_WR3zPHccZEAJDVEjSH8XyV.eval,2026-07-06T18:10:09.947955+00:00,Exact same model for UniMoral paper roster; repo metrics are accuracy for RQ1-RQ3 and live METEOR for RQ4. BERTScore F1 requires offline release scoring before citation.
