model,family,size_tier,release_period,grid,benchmark,task,metric,score,samples,estimated_input_tokens,estimated_max_output_tokens,estimated_cost_usd,input_price_per_m,output_price_per_m,reasoning_cost_control,replication_status,run_status,log_path,metric_observed,completed_samples,total_samples,input_tokens_actual,output_tokens_actual,reasoning_tokens_actual,actual_cost_usd,actual_cost_method
qwen/qwen3-8b,Qwen,S/8B,2025-Q2,within-family scaling,UniMoral,unimoral_action_prediction,accuracy,0.6,20,4130,1280,0.000718,0.05,0.4,default /no_think prefix at run time,Benchmark-faithful task; paper model roster only partially available in current grid.,success,results/openrouter-selected-grid-moral-psych-s20/logs/qwen__qwen3-8b/unimoral_action_prediction/2026-05-27T14-13-14-00-00_unimoral-action-prediction_eeTNAEYFoetudXojsnioFk.eval,accuracy,20,20,5248,180,0,0.000334,input + output + reasoning tokens at OpenRouter metadata rates
qwen/qwen3-8b,Qwen,S/8B,2025-Q2,within-family scaling,UniMoral,unimoral_moral_typology,accuracy,0.55,20,4970,10240,0.004344,0.05,0.4,default /no_think prefix at run time,"Benchmark-faithful task; paper reports weighted F1, so score scale differs unless post-processed.",success,results/openrouter-selected-grid-moral-psych-s20/logs/qwen__qwen3-8b/unimoral_moral_typology/2026-05-27T14-13-22-00-00_unimoral-moral-typology_TJBiPuSvYG6SkSc7w4Jb4U.eval,accuracy,20,20,6088,216,0,0.000391,input + output + reasoning tokens at OpenRouter metadata rates
qwen/qwen3-8b,Qwen,S/8B,2025-Q2,within-family scaling,UniMoral,unimoral_factor_attribution,accuracy,0.45,20,5650,10240,0.004378,0.05,0.4,default /no_think prefix at run time,"Benchmark-faithful task; paper reports weighted F1, so score scale differs unless post-processed.",success,results/openrouter-selected-grid-moral-psych-s20/logs/qwen__qwen3-8b/unimoral_factor_attribution/2026-05-27T14-13-30-00-00_unimoral-factor-attribution_Urh54GWvSG8SVADS2kPCrh.eval,accuracy,20,20,6888,178,0,0.000416,input + output + reasoning tokens at OpenRouter metadata rates
qwen/qwen3-8b,Qwen,S/8B,2025-Q2,within-family scaling,UniMoral,unimoral_consequence_generation,METEOR live scorer; BERTScore F1 is offline-only in the current release tooling,0.09808828596549678,20,3618,10240,0.004277,0.05,0.4,default /no_think prefix at run time,Benchmark-faithful prompt route; BERTScore requires the offline release metric pass.,success,results/openrouter-selected-grid-moral-psych-s20/logs/qwen__qwen3-8b/unimoral_consequence_generation/2026-05-27T14-13-38-00-00_unimoral-consequence-generation_Qs4gp3ibDr2VF2c9whhzWZ.eval,mean,20,20,4614,710,0,0.000515,input + output + reasoning tokens at OpenRouter metadata rates
qwen/qwen3-8b,Qwen,S/8B,2025-Q2,within-family scaling,ValuePrism,value_prism_relevance,accuracy,0.65,20,986,480,0.000241,0.05,0.4,default /no_think prefix at run time,Closest feasible prompt-classification route; not Kaleido model replication.,success,results/openrouter-selected-grid-moral-psych-s20/logs/qwen__qwen3-8b/value_prism_relevance/2026-05-27T14-13-47-00-00_value-prism-relevance_D3xb2Xkaaj4aiigBK8Mg3y.eval,accuracy,20,20,1263,102,0,0.000104,input + output + reasoning tokens at OpenRouter metadata rates
qwen/qwen3-8b,Qwen,S/8B,2025-Q2,within-family scaling,ValuePrism,value_prism_valence,accuracy,0.7,20,1009,640,0.000306,0.05,0.4,default /no_think prefix at run time,Closest feasible prompt-classification route; not Kaleido model replication.,success,results/openrouter-selected-grid-moral-psych-s20/logs/qwen__qwen3-8b/value_prism_valence/2026-05-27T14-13-55-00-00_value-prism-valence_oKNJHYMjGaSvGqMqNKPE3y.eval,accuracy,20,20,1277,112,0,0.000109,input + output + reasoning tokens at OpenRouter metadata rates
qwen/qwen3-8b,Qwen,S/8B,2025-Q2,within-family scaling,CCD-Bench,ccd_bench_selection,valid-choice coverage plus selected-cluster distribution; not accuracy,1.0,20,7154,1600,0.000998,0.05,0.4,default /no_think prefix at run time,"Benchmark-faithful route for choice behavior; compare cluster shares, not correctness.",success,results/openrouter-selected-grid-moral-psych-s20/logs/qwen__qwen3-8b/ccd_bench_selection/2026-05-27T14-14-03-00-00_ccd-bench-selection_DA893pRkGX6sisf7kMGKMs.eval,mean,20,20,7501,1064,0,0.000801,input + output + reasoning tokens at OpenRouter metadata rates
qwen/qwen3-32b,Qwen,M/32B,2025-Q2,within-family scaling,UniMoral,unimoral_action_prediction,accuracy,0.35,20,4130,1280,0.000689,0.08,0.28,default /no_think prefix at run time,Benchmark-faithful task; paper model roster only partially available in current grid.,success,results/openrouter-selected-grid-moral-psych-s20/logs/qwen__qwen3-32b/unimoral_action_prediction/2026-05-27T14-14-16-00-00_unimoral-action-prediction_M6AZi5HGTnV8L2eACuz8Y2.eval,accuracy,20,20,5270,180,28,0.000480,input + output + reasoning tokens at OpenRouter metadata rates
qwen/qwen3-32b,Qwen,M/32B,2025-Q2,within-family scaling,UniMoral,unimoral_moral_typology,accuracy,0.6,20,4970,10240,0.003265,0.08,0.28,default /no_think prefix at run time,"Benchmark-faithful task; paper reports weighted F1, so score scale differs unless post-processed.",success,results/openrouter-selected-grid-moral-psych-s20/logs/qwen__qwen3-32b/unimoral_moral_typology/2026-05-27T14-14-23-00-00_unimoral-moral-typology_KEGX9Pw2rmHU5W7b4LQfD2.eval,accuracy,20,20,6107,216,30,0.000557,input + output + reasoning tokens at OpenRouter metadata rates
qwen/qwen3-32b,Qwen,M/32B,2025-Q2,within-family scaling,UniMoral,unimoral_factor_attribution,accuracy,0.5,20,5650,10240,0.003319,0.08,0.28,default /no_think prefix at run time,"Benchmark-faithful task; paper reports weighted F1, so score scale differs unless post-processed.",success,results/openrouter-selected-grid-moral-psych-s20/logs/qwen__qwen3-32b/unimoral_factor_attribution/2026-05-27T14-14-30-00-00_unimoral-factor-attribution_nxwmB6UWHkHHrJTY5E6s3f.eval,accuracy,20,20,6907,175,26,0.000609,input + output + reasoning tokens at OpenRouter metadata rates
qwen/qwen3-32b,Qwen,M/32B,2025-Q2,within-family scaling,UniMoral,unimoral_consequence_generation,METEOR live scorer; BERTScore F1 is offline-only in the current release tooling,0.10937114809857143,20,3618,10240,0.003157,0.08,0.28,default /no_think prefix at run time,Benchmark-faithful prompt route; BERTScore requires the offline release metric pass.,success,results/openrouter-selected-grid-moral-psych-s20/logs/qwen__qwen3-32b/unimoral_consequence_generation/2026-05-27T14-14-37-00-00_unimoral-consequence-generation_Byr5X979shweDgSiHXsu5s.eval,mean,20,20,4633,884,26,0.000625,input + output + reasoning tokens at OpenRouter metadata rates
qwen/qwen3-32b,Qwen,M/32B,2025-Q2,within-family scaling,ValuePrism,value_prism_relevance,accuracy,0.65,20,986,480,0.000213,0.08,0.28,default /no_think prefix at run time,Closest feasible prompt-classification route; not Kaleido model replication.,success,results/openrouter-selected-grid-moral-psych-s20/logs/qwen__qwen3-32b/value_prism_relevance/2026-05-27T14-15-01-00-00_value-prism-relevance_2M8o3DUpi4XeX34CqRev6j.eval,accuracy,20,20,1296,82,26,0.000134,input + output + reasoning tokens at OpenRouter metadata rates
qwen/qwen3-32b,Qwen,M/32B,2025-Q2,within-family scaling,ValuePrism,value_prism_valence,accuracy,0.75,20,1009,640,0.000260,0.08,0.28,default /no_think prefix at run time,Closest feasible prompt-classification route; not Kaleido model replication.,success,results/openrouter-selected-grid-moral-psych-s20/logs/qwen__qwen3-32b/value_prism_valence/2026-05-27T14-15-08-00-00_value-prism-valence_P9H4pMgumCrgB5Aajk8F6E.eval,accuracy,20,20,1299,103,32,0.000142,input + output + reasoning tokens at OpenRouter metadata rates
qwen/qwen3-32b,Qwen,M/32B,2025-Q2,within-family scaling,CCD-Bench,ccd_bench_selection,valid-choice coverage plus selected-cluster distribution; not accuracy,1.0,20,7154,1600,0.001020,0.08,0.28,default /no_think prefix at run time,"Benchmark-faithful route for choice behavior; compare cluster shares, not correctness.",success,results/openrouter-selected-grid-moral-psych-s20/logs/qwen__qwen3-32b/ccd_bench_selection/2026-05-27T14-15-15-00-00_ccd-bench-selection_eFQc79rNvJmhMcCRArQUsp.eval,mean,20,20,7522,1050,30,0.000904,input + output + reasoning tokens at OpenRouter metadata rates
qwen/qwen3-235b-a22b-2507,Qwen,L/MoE 235B-A22B,2025-Q3,within-family scaling,UniMoral,unimoral_action_prediction,accuracy,0.7,20,4130,1280,0.000421,0.071,0.1,default /no_think prefix at run time,Benchmark-faithful task; paper model roster only partially available in current grid.,success,results/openrouter-selected-grid-moral-psych-s20/logs/qwen__qwen3-235b-a22b-2507/unimoral_action_prediction/2026-05-27T14-15-34-00-00_unimoral-action-prediction_2QhSsZrVdXSBPVmpZDeykj.eval,accuracy,20,20,5529,113,0,0.000404,input + output + reasoning tokens at OpenRouter metadata rates
qwen/qwen3-235b-a22b-2507,Qwen,L/MoE 235B-A22B,2025-Q3,within-family scaling,UniMoral,unimoral_moral_typology,accuracy,0.65,20,4970,10240,0.001377,0.071,0.1,default /no_think prefix at run time,"Benchmark-faithful task; paper reports weighted F1, so score scale differs unless post-processed.",success,results/openrouter-selected-grid-moral-psych-s20/logs/qwen__qwen3-235b-a22b-2507/unimoral_moral_typology/2026-05-27T14-15-43-00-00_unimoral-moral-typology_JPPmohynbeSa8tQjG9EtsX.eval,accuracy,20,20,6070,150,0,0.000446,input + output + reasoning tokens at OpenRouter metadata rates
qwen/qwen3-235b-a22b-2507,Qwen,L/MoE 235B-A22B,2025-Q3,within-family scaling,UniMoral,unimoral_factor_attribution,accuracy,0.45,20,5650,10240,0.001425,0.071,0.1,default /no_think prefix at run time,"Benchmark-faithful task; paper reports weighted F1, so score scale differs unless post-processed.",success,results/openrouter-selected-grid-moral-psych-s20/logs/qwen__qwen3-235b-a22b-2507/unimoral_factor_attribution/2026-05-27T14-15-51-00-00_unimoral-factor-attribution_EtS2BUSythCNyFWXHR6AnK.eval,accuracy,20,20,6843,120,0,0.000498,input + output + reasoning tokens at OpenRouter metadata rates
qwen/qwen3-235b-a22b-2507,Qwen,L/MoE 235B-A22B,2025-Q3,within-family scaling,UniMoral,unimoral_consequence_generation,METEOR live scorer; BERTScore F1 is offline-only in the current release tooling,0.16641036947560184,20,3618,10240,0.001281,0.071,0.1,default /no_think prefix at run time,Benchmark-faithful prompt route; BERTScore requires the offline release metric pass.,success,results/openrouter-selected-grid-moral-psych-s20/logs/qwen__qwen3-235b-a22b-2507/unimoral_consequence_generation/2026-05-27T14-16-04-00-00_unimoral-consequence-generation_QT4EoueC4q9Gz9U3pvczu6.eval,mean,20,20,4766,1022,0,0.000441,input + output + reasoning tokens at OpenRouter metadata rates
qwen/qwen3-235b-a22b-2507,Qwen,L/MoE 235B-A22B,2025-Q3,within-family scaling,ValuePrism,value_prism_relevance,accuracy,0.7,20,986,480,0.000118,0.071,0.1,default /no_think prefix at run time,Closest feasible prompt-classification route; not Kaleido model replication.,success,results/openrouter-selected-grid-moral-psych-s20/logs/qwen__qwen3-235b-a22b-2507/value_prism_relevance/2026-05-27T14-16-30-00-00_value-prism-relevance_CZsZRzYeyoTZ5iLeNQBvXQ.eval,accuracy,20,20,1202,33,0,0.000089,input + output + reasoning tokens at OpenRouter metadata rates
qwen/qwen3-235b-a22b-2507,Qwen,L/MoE 235B-A22B,2025-Q3,within-family scaling,ValuePrism,value_prism_valence,accuracy,0.7,20,1009,640,0.000136,0.071,0.1,default /no_think prefix at run time,Closest feasible prompt-classification route; not Kaleido model replication.,success,results/openrouter-selected-grid-moral-psych-s20/logs/qwen__qwen3-235b-a22b-2507/value_prism_valence/2026-05-27T14-16-42-00-00_value-prism-valence_ZKhJ3VQy5QFBoxCKpWr9Xc.eval,accuracy,20,20,1261,55,0,0.000095,input + output + reasoning tokens at OpenRouter metadata rates
qwen/qwen3-235b-a22b-2507,Qwen,L/MoE 235B-A22B,2025-Q3,within-family scaling,CCD-Bench,ccd_bench_selection,valid-choice coverage plus selected-cluster distribution; not accuracy,1.0,20,7154,1600,0.000668,0.071,0.1,default /no_think prefix at run time,"Benchmark-faithful route for choice behavior; compare cluster shares, not correctness.",success,results/openrouter-selected-grid-moral-psych-s20/logs/qwen__qwen3-235b-a22b-2507/ccd_bench_selection/2026-05-27T14-16-48-00-00_ccd-bench-selection_XxbXAN5QEQZXdCvrNNDzNJ.eval,mean,20,20,7409,1020,0,0.000628,input + output + reasoning tokens at OpenRouter metadata rates
google/gemma-3-4b-it,Gemma,S/4B,2025-Q1,within-family scaling,UniMoral,unimoral_action_prediction,accuracy,0.6,20,4130,1280,0.000268,0.04,0.08,,Benchmark-faithful task; paper model roster only partially available in current grid.,success,results/openrouter-selected-grid-moral-psych-s20/logs/google__gemma-3-4b-it/unimoral_action_prediction/2026-05-27T14-17-15-00-00_unimoral-action-prediction_TAj7CewB6qpgipDRXS7NCK.eval,accuracy,20,20,4707,132,0,0.000199,input + output + reasoning tokens at OpenRouter metadata rates
google/gemma-3-4b-it,Gemma,S/4B,2025-Q1,within-family scaling,UniMoral,unimoral_moral_typology,accuracy,0.7,20,4970,10240,0.001018,0.04,0.08,,"Benchmark-faithful task; paper reports weighted F1, so score scale differs unless post-processed.",success,results/openrouter-selected-grid-moral-psych-s20/logs/google__gemma-3-4b-it/unimoral_moral_typology/2026-05-27T14-17-20-00-00_unimoral-moral-typology_HTefitEqSkm7WzBHVHHSG7.eval,accuracy,20,20,5587,140,0,0.000235,input + output + reasoning tokens at OpenRouter metadata rates
google/gemma-3-4b-it,Gemma,S/4B,2025-Q1,within-family scaling,UniMoral,unimoral_factor_attribution,accuracy,0.4,20,5650,10240,0.001045,0.04,0.08,,"Benchmark-faithful task; paper reports weighted F1, so score scale differs unless post-processed.",success,results/openrouter-selected-grid-moral-psych-s20/logs/google__gemma-3-4b-it/unimoral_factor_attribution/2026-05-27T14-17-25-00-00_unimoral-factor-attribution_NTMKuYwkhGp3sgrqhJcRHC.eval,accuracy,20,20,6067,55,0,0.000247,input + output + reasoning tokens at OpenRouter metadata rates
google/gemma-3-4b-it,Gemma,S/4B,2025-Q1,within-family scaling,UniMoral,unimoral_consequence_generation,METEOR live scorer; BERTScore F1 is offline-only in the current release tooling,0.16107991980050615,20,3618,10240,0.000964,0.04,0.08,,Benchmark-faithful prompt route; BERTScore requires the offline release metric pass.,success,results/openrouter-selected-grid-moral-psych-s20/logs/google__gemma-3-4b-it/unimoral_consequence_generation/2026-05-27T14-17-30-00-00_unimoral-consequence-generation_UmjuvhGVPrpGFt3stoTz78.eval,mean,20,20,4049,687,0,0.000217,input + output + reasoning tokens at OpenRouter metadata rates
google/gemma-3-4b-it,Gemma,S/4B,2025-Q1,within-family scaling,ValuePrism,value_prism_relevance,accuracy,0.6,20,986,480,0.000078,0.04,0.08,,Closest feasible prompt-classification route; not Kaleido model replication.,success,results/openrouter-selected-grid-moral-psych-s20/logs/google__gemma-3-4b-it/value_prism_relevance/2026-05-27T14-17-37-00-00_value-prism-relevance_6DWQMdxgJAwBbuhT8WNAoF.eval,accuracy,20,20,1166,60,0,0.000051,input + output + reasoning tokens at OpenRouter metadata rates
google/gemma-3-4b-it,Gemma,S/4B,2025-Q1,within-family scaling,ValuePrism,value_prism_valence,accuracy,0.55,20,1009,640,0.000092,0.04,0.08,,Closest feasible prompt-classification route; not Kaleido model replication.,success,results/openrouter-selected-grid-moral-psych-s20/logs/google__gemma-3-4b-it/value_prism_valence/2026-05-27T14-17-41-00-00_value-prism-valence_EgyyQUGvmKRqSFmCyadhXt.eval,accuracy,20,20,1188,60,0,0.000052,input + output + reasoning tokens at OpenRouter metadata rates
google/gemma-3-4b-it,Gemma,S/4B,2025-Q1,within-family scaling,CCD-Bench,ccd_bench_selection,valid-choice coverage plus selected-cluster distribution; not accuracy,1.0,20,7154,1600,0.000414,0.04,0.08,,"Benchmark-faithful route for choice behavior; compare cluster shares, not correctness.",success,results/openrouter-selected-grid-moral-psych-s20/logs/google__gemma-3-4b-it/ccd_bench_selection/2026-05-27T14-17-45-00-00_ccd-bench-selection_Rr2pTAtKHNRyxpsoNEzqmX.eval,mean,20,20,7801,1150,0,0.000404,input + output + reasoning tokens at OpenRouter metadata rates
google/gemma-3-12b-it,Gemma,M/12B,2025-Q1,within-family scaling,UniMoral,unimoral_action_prediction,accuracy,0.65,20,4130,1280,0.000332,0.04,0.13,,Benchmark-faithful task; paper model roster only partially available in current grid.,success,results/openrouter-selected-grid-moral-psych-s20/logs/google__gemma-3-12b-it/unimoral_action_prediction/2026-05-27T14-17-54-00-00_unimoral-action-prediction_EAgk2PtYqjxKHEmXiXY4Xd.eval,accuracy,20,20,4707,120,0,0.000204,input + output + reasoning tokens at OpenRouter metadata rates
google/gemma-3-12b-it,Gemma,M/12B,2025-Q1,within-family scaling,UniMoral,unimoral_moral_typology,accuracy,0.55,20,4970,10240,0.001530,0.04,0.13,,"Benchmark-faithful task; paper reports weighted F1, so score scale differs unless post-processed.",success,results/openrouter-selected-grid-moral-psych-s20/logs/google__gemma-3-12b-it/unimoral_moral_typology/2026-05-27T14-17-58-00-00_unimoral-moral-typology_akG5vVDJMgXdr3mHbf7fS4.eval,accuracy,20,20,5587,182,0,0.000247,input + output + reasoning tokens at OpenRouter metadata rates
google/gemma-3-12b-it,Gemma,M/12B,2025-Q1,within-family scaling,UniMoral,unimoral_factor_attribution,accuracy,0.45,20,5650,10240,0.001557,0.04,0.13,,"Benchmark-faithful task; paper reports weighted F1, so score scale differs unless post-processed.",success,results/openrouter-selected-grid-moral-psych-s20/logs/google__gemma-3-12b-it/unimoral_factor_attribution/2026-05-27T14-18-03-00-00_unimoral-factor-attribution_jSt6nAfWdUVk5t5sbrpCvR.eval,accuracy,20,20,6067,134,0,0.000260,input + output + reasoning tokens at OpenRouter metadata rates
google/gemma-3-12b-it,Gemma,M/12B,2025-Q1,within-family scaling,UniMoral,unimoral_consequence_generation,METEOR live scorer; BERTScore F1 is offline-only in the current release tooling,0.10620727552155966,20,3618,10240,0.001476,0.04,0.13,,Benchmark-faithful prompt route; BERTScore requires the offline release metric pass.,success,results/openrouter-selected-grid-moral-psych-s20/logs/google__gemma-3-12b-it/unimoral_consequence_generation/2026-05-27T14-18-09-00-00_unimoral-consequence-generation_KDtMKqsS8FBXjm95CtMnnp.eval,mean,20,20,4049,531,0,0.000231,input + output + reasoning tokens at OpenRouter metadata rates
google/gemma-3-12b-it,Gemma,M/12B,2025-Q1,within-family scaling,ValuePrism,value_prism_relevance,accuracy,0.7,20,986,480,0.000102,0.04,0.13,,Closest feasible prompt-classification route; not Kaleido model replication.,success,results/openrouter-selected-grid-moral-psych-s20/logs/google__gemma-3-12b-it/value_prism_relevance/2026-05-27T14-18-17-00-00_value-prism-relevance_cQMh8PECQNVfombsVAFmnX.eval,accuracy,20,20,1166,59,0,0.000054,input + output + reasoning tokens at OpenRouter metadata rates
google/gemma-3-12b-it,Gemma,M/12B,2025-Q1,within-family scaling,ValuePrism,value_prism_valence,accuracy,0.6,20,1009,640,0.000124,0.04,0.13,,Closest feasible prompt-classification route; not Kaleido model replication.,success,results/openrouter-selected-grid-moral-psych-s20/logs/google__gemma-3-12b-it/value_prism_valence/2026-05-27T14-18-21-00-00_value-prism-valence_gCsCzpsLKeESMKVHYkntxU.eval,accuracy,20,20,1188,51,0,0.000054,input + output + reasoning tokens at OpenRouter metadata rates
google/gemma-3-12b-it,Gemma,M/12B,2025-Q1,within-family scaling,CCD-Bench,ccd_bench_selection,valid-choice coverage plus selected-cluster distribution; not accuracy,1.0,20,7154,1600,0.000494,0.04,0.13,,"Benchmark-faithful route for choice behavior; compare cluster shares, not correctness.",success,results/openrouter-selected-grid-moral-psych-s20/logs/google__gemma-3-12b-it/ccd_bench_selection/2026-05-27T14-18-26-00-00_ccd-bench-selection_E5beH4CQCqybpu3BtNk92z.eval,mean,20,20,7801,1034,0,0.000446,input + output + reasoning tokens at OpenRouter metadata rates
google/gemma-3-27b-it,Gemma,L/27B,2025-Q1,within-family scaling,UniMoral,unimoral_action_prediction,accuracy,0.65,20,4130,1280,0.000535,0.08,0.16,,Benchmark-faithful task; paper model roster only partially available in current grid.,success,results/openrouter-selected-grid-moral-psych-s20/logs/google__gemma-3-27b-it/unimoral_action_prediction/2026-05-27T14-18-36-00-00_unimoral-action-prediction_HPbXWbCxGFKm4VqdzGH7tL.eval,accuracy,20,20,4689,131,0,0.000396,input + output + reasoning tokens at OpenRouter metadata rates
google/gemma-3-27b-it,Gemma,L/27B,2025-Q1,within-family scaling,UniMoral,unimoral_moral_typology,accuracy,0.6,20,4970,10240,0.002036,0.08,0.16,,"Benchmark-faithful task; paper reports weighted F1, so score scale differs unless post-processed.",success,results/openrouter-selected-grid-moral-psych-s20/logs/google__gemma-3-27b-it/unimoral_moral_typology/2026-05-27T14-18-48-00-00_unimoral-moral-typology_mncC7f8wA9znt2sEvAgMyZ.eval,accuracy,20,20,5171,205,0,0.000446,input + output + reasoning tokens at OpenRouter metadata rates
google/gemma-3-27b-it,Gemma,L/27B,2025-Q1,within-family scaling,UniMoral,unimoral_factor_attribution,accuracy,0.45,20,5650,10240,0.002090,0.08,0.16,,"Benchmark-faithful task; paper reports weighted F1, so score scale differs unless post-processed.",success,results/openrouter-selected-grid-moral-psych-s20/logs/google__gemma-3-27b-it/unimoral_factor_attribution/2026-05-27T14-18-55-00-00_unimoral-factor-attribution_HBbK6reirCMU9qxfhaaoZ9.eval,accuracy,20,20,4563,136,0,0.000387,input + output + reasoning tokens at OpenRouter metadata rates
google/gemma-3-27b-it,Gemma,L/27B,2025-Q1,within-family scaling,UniMoral,unimoral_consequence_generation,METEOR live scorer; BERTScore F1 is offline-only in the current release tooling,0.14923502478077472,20,3618,10240,0.001928,0.08,0.16,,Benchmark-faithful prompt route; BERTScore requires the offline release metric pass.,success,results/openrouter-selected-grid-moral-psych-s20/logs/google__gemma-3-27b-it/unimoral_consequence_generation/2026-05-27T14-19-02-00-00_unimoral-consequence-generation_BKX8u4u7b6YwDBNkZAea9c.eval,mean,20,20,3856,651,0,0.000413,input + output + reasoning tokens at OpenRouter metadata rates
google/gemma-3-27b-it,Gemma,L/27B,2025-Q1,within-family scaling,ValuePrism,value_prism_relevance,accuracy,0.75,20,986,480,0.000156,0.08,0.16,,Closest feasible prompt-classification route; not Kaleido model replication.,success,results/openrouter-selected-grid-moral-psych-s20/logs/google__gemma-3-27b-it/value_prism_relevance/2026-05-27T14-19-15-00-00_value-prism-relevance_Jgx6kmiWwtEye6nr2VEdL2.eval,accuracy,20,20,1166,67,0,0.000104,input + output + reasoning tokens at OpenRouter metadata rates
google/gemma-3-27b-it,Gemma,L/27B,2025-Q1,within-family scaling,ValuePrism,value_prism_valence,accuracy,0.4,20,1009,640,0.000183,0.08,0.16,,Closest feasible prompt-classification route; not Kaleido model replication.,success,results/openrouter-selected-grid-moral-psych-s20/logs/google__gemma-3-27b-it/value_prism_valence/2026-05-27T14-19-21-00-00_value-prism-valence_6ZTtdXHGrUtqZpuHppCaQL.eval,accuracy,20,20,1044,167,0,0.000110,input + output + reasoning tokens at OpenRouter metadata rates
google/gemma-3-27b-it,Gemma,L/27B,2025-Q1,within-family scaling,CCD-Bench,ccd_bench_selection,valid-choice coverage plus selected-cluster distribution; not accuracy,1.0,20,7154,1600,0.000828,0.08,0.16,,"Benchmark-faithful route for choice behavior; compare cluster shares, not correctness.",success,results/openrouter-selected-grid-moral-psych-s20/logs/google__gemma-3-27b-it/ccd_bench_selection/2026-05-27T14-19-29-00-00_ccd-bench-selection_XgrSxoZHWaxHo9umfnSMF4.eval,mean,20,20,7720,1079,0,0.000790,input + output + reasoning tokens at OpenRouter metadata rates
meta-llama/llama-3.2-3b-instruct,Llama,S/3B,2024-Q3,within-family scaling,UniMoral,unimoral_action_prediction,accuracy,0.6,20,4130,1280,0.000639,0.0509,0.335,,Benchmark-faithful task; paper model roster only partially available in current grid.,success,results/openrouter-selected-grid-moral-psych-s20/logs/meta-llama__llama-3.2-3b-instruct/unimoral_action_prediction/2026-05-27T14-19-45-00-00_unimoral-action-prediction_nUqYTRvspjCREA75K4ugp9.eval,accuracy,20,20,5827,123,0,0.000338,input + output + reasoning tokens at OpenRouter metadata rates
meta-llama/llama-3.2-3b-instruct,Llama,S/3B,2024-Q3,within-family scaling,UniMoral,unimoral_moral_typology,accuracy,0.65,20,4970,10240,0.003683,0.0509,0.335,,"Benchmark-faithful task; paper reports weighted F1, so score scale differs unless post-processed.",success,results/openrouter-selected-grid-moral-psych-s20/logs/meta-llama__llama-3.2-3b-instruct/unimoral_moral_typology/2026-05-27T14-19-50-00-00_unimoral-moral-typology_J9FmvGVoaGeB3kiPhcgXch.eval,accuracy,20,20,6727,415,0,0.000481,input + output + reasoning tokens at OpenRouter metadata rates
meta-llama/llama-3.2-3b-instruct,Llama,S/3B,2024-Q3,within-family scaling,UniMoral,unimoral_factor_attribution,accuracy,0.4,20,5650,10240,0.003718,0.0509,0.335,,"Benchmark-faithful task; paper reports weighted F1, so score scale differs unless post-processed.",success,results/openrouter-selected-grid-moral-psych-s20/logs/meta-llama__llama-3.2-3b-instruct/unimoral_factor_attribution/2026-05-27T14-19-55-00-00_unimoral-factor-attribution_hBPeXbDsLUepHmJEoQTFVc.eval,accuracy,20,20,7447,151,0,0.000430,input + output + reasoning tokens at OpenRouter metadata rates
meta-llama/llama-3.2-3b-instruct,Llama,S/3B,2024-Q3,within-family scaling,UniMoral,unimoral_consequence_generation,METEOR live scorer; BERTScore F1 is offline-only in the current release tooling,0.08636311273037542,20,3618,10240,0.003615,0.0509,0.335,,Benchmark-faithful prompt route; BERTScore requires the offline release metric pass.,success,results/openrouter-selected-grid-moral-psych-s20/logs/meta-llama__llama-3.2-3b-instruct/unimoral_consequence_generation/2026-05-27T14-20-00-00-00_unimoral-consequence-generation_EsXw8xSDhYJ5UTJNbFGtGT.eval,mean,20,20,5198,3069,0,0.001293,input + output + reasoning tokens at OpenRouter metadata rates
meta-llama/llama-3.2-3b-instruct,Llama,S/3B,2024-Q3,within-family scaling,ValuePrism,value_prism_relevance,accuracy,0.8,20,986,480,0.000211,0.0509,0.335,,Closest feasible prompt-classification route; not Kaleido model replication.,success,results/openrouter-selected-grid-moral-psych-s20/logs/meta-llama__llama-3.2-3b-instruct/value_prism_relevance/2026-05-27T14-20-17-00-00_value-prism-relevance_6bW7ivNfLJreEEVxqUhjTG.eval,accuracy,20,20,1723,53,0,0.000105,input + output + reasoning tokens at OpenRouter metadata rates
meta-llama/llama-3.2-3b-instruct,Llama,S/3B,2024-Q3,within-family scaling,ValuePrism,value_prism_valence,accuracy,0.2,20,1009,640,0.000266,0.0509,0.335,,Closest feasible prompt-classification route; not Kaleido model replication.,success,results/openrouter-selected-grid-moral-psych-s20/logs/meta-llama__llama-3.2-3b-instruct/value_prism_valence/2026-05-27T14-20-21-00-00_value-prism-valence_JXjDkyKQVD7iKdWQwycdV9.eval,accuracy,20,20,1737,52,0,0.000106,input + output + reasoning tokens at OpenRouter metadata rates
meta-llama/llama-3.2-3b-instruct,Llama,S/3B,2024-Q3,within-family scaling,CCD-Bench,ccd_bench_selection,valid-choice coverage plus selected-cluster distribution; not accuracy,1.0,20,7154,1600,0.000900,0.0509,0.335,,"Benchmark-faithful route for choice behavior; compare cluster shares, not correctness.",success,results/openrouter-selected-grid-moral-psych-s20/logs/meta-llama__llama-3.2-3b-instruct/ccd_bench_selection/2026-05-27T14-20-25-00-00_ccd-bench-selection_nnQVYsgk62Y8J7LAbdv2ft.eval,mean,20,20,7898,1025,0,0.000745,input + output + reasoning tokens at OpenRouter metadata rates
meta-llama/llama-3.1-8b-instruct,Llama,M/8B,2024-Q3,within-family scaling,UniMoral,unimoral_action_prediction,accuracy,0.6,20,4130,1280,0.000147,0.02,0.05,,Benchmark-faithful task; paper model roster only partially available in current grid.,success,results/openrouter-selected-grid-moral-psych-s20/logs/meta-llama__llama-3.1-8b-instruct/unimoral_action_prediction/2026-05-27T14-20-31-00-00_unimoral-action-prediction_2Gfzmq6MUg2XdoTRRiVEM5.eval,accuracy,20,20,5404,123,0,0.000114,input + output + reasoning tokens at OpenRouter metadata rates
meta-llama/llama-3.1-8b-instruct,Llama,M/8B,2024-Q3,within-family scaling,UniMoral,unimoral_moral_typology,accuracy,0.75,20,4970,10240,0.000611,0.02,0.05,,"Benchmark-faithful task; paper reports weighted F1, so score scale differs unless post-processed.",success,results/openrouter-selected-grid-moral-psych-s20/logs/meta-llama__llama-3.1-8b-instruct/unimoral_moral_typology/2026-05-27T14-20-38-00-00_unimoral-moral-typology_9L8ZffvN87qAPJjvWxnAxh.eval,accuracy,20,20,6310,162,0,0.000134,input + output + reasoning tokens at OpenRouter metadata rates
meta-llama/llama-3.1-8b-instruct,Llama,M/8B,2024-Q3,within-family scaling,UniMoral,unimoral_factor_attribution,accuracy,0.4,20,5650,10240,0.000625,0.02,0.05,,"Benchmark-faithful task; paper reports weighted F1, so score scale differs unless post-processed.",success,results/openrouter-selected-grid-moral-psych-s20/logs/meta-llama__llama-3.1-8b-instruct/unimoral_factor_attribution/2026-05-27T14-20-43-00-00_unimoral-factor-attribution_HMfeQVbTKxxiH5wkFKwLme.eval,accuracy,20,20,7029,155,0,0.000148,input + output + reasoning tokens at OpenRouter metadata rates
meta-llama/llama-3.1-8b-instruct,Llama,M/8B,2024-Q3,within-family scaling,UniMoral,unimoral_consequence_generation,METEOR live scorer; BERTScore F1 is offline-only in the current release tooling,0.08371180814613051,20,3618,10240,0.000584,0.02,0.05,,Benchmark-faithful prompt route; BERTScore requires the offline release metric pass.,success,results/openrouter-selected-grid-moral-psych-s20/logs/meta-llama__llama-3.1-8b-instruct/unimoral_consequence_generation/2026-05-27T14-20-48-00-00_unimoral-consequence-generation_BNNhrJKb5s4tNSXhqyHDfW.eval,mean,20,20,4783,515,0,0.000121,input + output + reasoning tokens at OpenRouter metadata rates
meta-llama/llama-3.1-8b-instruct,Llama,M/8B,2024-Q3,within-family scaling,ValuePrism,value_prism_relevance,accuracy,0.7,20,986,480,0.000044,0.02,0.05,,Closest feasible prompt-classification route; not Kaleido model replication.,success,results/openrouter-selected-grid-moral-psych-s20/logs/meta-llama__llama-3.1-8b-instruct/value_prism_relevance/2026-05-27T14-20-55-00-00_value-prism-relevance_8hVHFGdFxQKgVBqfHMpSQD.eval,accuracy,20,20,1257,42,0,0.000027,input + output + reasoning tokens at OpenRouter metadata rates
meta-llama/llama-3.1-8b-instruct,Llama,M/8B,2024-Q3,within-family scaling,ValuePrism,value_prism_valence,accuracy,0.3,20,1009,640,0.000052,0.02,0.05,,Closest feasible prompt-classification route; not Kaleido model replication.,success,results/openrouter-selected-grid-moral-psych-s20/logs/meta-llama__llama-3.1-8b-instruct/value_prism_valence/2026-05-27T14-21-00-00-00_value-prism-valence_a2UVjfQcyykK3nWQw3q4rB.eval,accuracy,20,20,1292,89,0,0.000030,input + output + reasoning tokens at OpenRouter metadata rates
meta-llama/llama-3.1-8b-instruct,Llama,M/8B,2024-Q3,within-family scaling,CCD-Bench,ccd_bench_selection,valid-choice coverage plus selected-cluster distribution; not accuracy,1.0,20,7154,1600,0.000223,0.02,0.05,,"Benchmark-faithful route for choice behavior; compare cluster shares, not correctness.",success,results/openrouter-selected-grid-moral-psych-s20/logs/meta-llama__llama-3.1-8b-instruct/ccd_bench_selection/2026-05-27T14-21-04-00-00_ccd-bench-selection_9NTxQAXzijkoe8c7Pt9dWF.eval,mean,20,20,7428,1133,0,0.000205,input + output + reasoning tokens at OpenRouter metadata rates
meta-llama/llama-3.3-70b-instruct,Llama,L/70B,2024-Q4,within-family scaling,UniMoral,unimoral_action_prediction,accuracy,0.65,20,4130,1280,0.000823,0.1,0.32,,Benchmark-faithful task; paper model roster only partially available in current grid.,success,results/openrouter-selected-grid-moral-psych-s20/logs/meta-llama__llama-3.3-70b-instruct/unimoral_action_prediction/2026-05-27T14-21-18-00-00_unimoral-action-prediction_VBaUNr8f7sPkbM6x6ELSsU.eval,accuracy,20,20,5406,120,0,0.000579,input + output + reasoning tokens at OpenRouter metadata rates
meta-llama/llama-3.3-70b-instruct,Llama,L/70B,2024-Q4,within-family scaling,UniMoral,unimoral_moral_typology,accuracy,0.65,20,4970,10240,0.003774,0.1,0.32,,"Benchmark-faithful task; paper reports weighted F1, so score scale differs unless post-processed.",success,results/openrouter-selected-grid-moral-psych-s20/logs/meta-llama__llama-3.3-70b-instruct/unimoral_moral_typology/2026-05-27T14-21-24-00-00_unimoral-moral-typology_LRJJQT2xy8ybksVLA4s823.eval,accuracy,20,20,6796,158,0,0.000730,input + output + reasoning tokens at OpenRouter metadata rates
meta-llama/llama-3.3-70b-instruct,Llama,L/70B,2024-Q4,within-family scaling,UniMoral,unimoral_factor_attribution,accuracy,0.55,20,5650,10240,0.003842,0.1,0.32,,"Benchmark-faithful task; paper reports weighted F1, so score scale differs unless post-processed.",success,results/openrouter-selected-grid-moral-psych-s20/logs/meta-llama__llama-3.3-70b-instruct/unimoral_factor_attribution/2026-05-27T14-21-35-00-00_unimoral-factor-attribution_X8Ck98NZopGru9QToNSeH7.eval,accuracy,20,20,7225,150,0,0.000771,input + output + reasoning tokens at OpenRouter metadata rates
meta-llama/llama-3.3-70b-instruct,Llama,L/70B,2024-Q4,within-family scaling,UniMoral,unimoral_consequence_generation,METEOR live scorer; BERTScore F1 is offline-only in the current release tooling,0.18389024886247402,20,3618,10240,0.003639,0.1,0.32,,Benchmark-faithful prompt route; BERTScore requires the offline release metric pass.,success,results/openrouter-selected-grid-moral-psych-s20/logs/meta-llama__llama-3.3-70b-instruct/unimoral_consequence_generation/2026-05-27T14-21-47-00-00_unimoral-consequence-generation_3w2ZeYAXKtKfVVQ8RAzeN9.eval,mean,20,20,4911,568,0,0.000673,input + output + reasoning tokens at OpenRouter metadata rates
meta-llama/llama-3.3-70b-instruct,Llama,L/70B,2024-Q4,within-family scaling,ValuePrism,value_prism_relevance,accuracy,0.75,20,986,480,0.000252,0.1,0.32,,Closest feasible prompt-classification route; not Kaleido model replication.,success,results/openrouter-selected-grid-moral-psych-s20/logs/meta-llama__llama-3.3-70b-instruct/value_prism_relevance/2026-05-27T14-22-01-00-00_value-prism-relevance_EpMtTfmNjg97KZRycCgReU.eval,accuracy,20,20,1428,44,0,0.000157,input + output + reasoning tokens at OpenRouter metadata rates
meta-llama/llama-3.3-70b-instruct,Llama,L/70B,2024-Q4,within-family scaling,ValuePrism,value_prism_valence,accuracy,0.65,20,1009,640,0.000306,0.1,0.32,,Closest feasible prompt-classification route; not Kaleido model replication.,success,results/openrouter-selected-grid-moral-psych-s20/logs/meta-llama__llama-3.3-70b-instruct/value_prism_valence/2026-05-27T14-22-07-00-00_value-prism-valence_Cq4erw3SY4G9TvwEj6PnoS.eval,accuracy,20,20,1444,58,0,0.000163,input + output + reasoning tokens at OpenRouter metadata rates
meta-llama/llama-3.3-70b-instruct,Llama,L/70B,2024-Q4,within-family scaling,CCD-Bench,ccd_bench_selection,valid-choice coverage plus selected-cluster distribution; not accuracy,1.0,20,7154,1600,0.001227,0.1,0.32,,"Benchmark-faithful route for choice behavior; compare cluster shares, not correctness.",success,results/openrouter-selected-grid-moral-psych-s20/logs/meta-llama__llama-3.3-70b-instruct/ccd_bench_selection/2026-05-27T14-22-13-00-00_ccd-bench-selection_e3wNkLtLxVuJraEimEy7Kp.eval,mean,20,20,7628,1120,0,0.001121,input + output + reasoning tokens at OpenRouter metadata rates
qwen/qwen-2.5-7b-instruct,Qwen,S/7B,2024-Q4,time scaling,UniMoral,unimoral_action_prediction,accuracy,0.6,20,4130,1280,0.000293,0.04,0.1,default /no_think prefix at run time,Benchmark-faithful task; paper model roster only partially available in current grid.,success,results/openrouter-selected-grid-moral-psych-s20/logs/qwen__qwen-2.5-7b-instruct/unimoral_action_prediction/2026-05-27T14-22-29-00-00_unimoral-action-prediction_9hLJbfX7g6kB42rqhvKvY4.eval,accuracy,20,20,5248,120,0,0.000222,input + output + reasoning tokens at OpenRouter metadata rates
qwen/qwen-2.5-7b-instruct,Qwen,S/7B,2024-Q4,time scaling,UniMoral,unimoral_moral_typology,accuracy,0.7,20,4970,10240,0.001223,0.04,0.1,default /no_think prefix at run time,"Benchmark-faithful task; paper reports weighted F1, so score scale differs unless post-processed.",success,results/openrouter-selected-grid-moral-psych-s20/logs/qwen__qwen-2.5-7b-instruct/unimoral_moral_typology/2026-05-27T14-22-38-00-00_unimoral-moral-typology_GBpApGqPFS9LcniPiwgzqv.eval,accuracy,20,20,6088,167,0,0.000260,input + output + reasoning tokens at OpenRouter metadata rates
qwen/qwen-2.5-7b-instruct,Qwen,S/7B,2024-Q4,time scaling,UniMoral,unimoral_factor_attribution,accuracy,0.45,20,5650,10240,0.001250,0.04,0.1,default /no_think prefix at run time,"Benchmark-faithful task; paper reports weighted F1, so score scale differs unless post-processed.",success,results/openrouter-selected-grid-moral-psych-s20/logs/qwen__qwen-2.5-7b-instruct/unimoral_factor_attribution/2026-05-27T14-22-47-00-00_unimoral-factor-attribution_cLETgAfcJXcx88wYjD8TTZ.eval,accuracy,20,20,6888,142,0,0.000290,input + output + reasoning tokens at OpenRouter metadata rates
qwen/qwen-2.5-7b-instruct,Qwen,S/7B,2024-Q4,time scaling,UniMoral,unimoral_consequence_generation,METEOR live scorer; BERTScore F1 is offline-only in the current release tooling,0.13334776911078436,20,3618,10240,0.001169,0.04,0.1,default /no_think prefix at run time,Benchmark-faithful prompt route; BERTScore requires the offline release metric pass.,success,results/openrouter-selected-grid-moral-psych-s20/logs/qwen__qwen-2.5-7b-instruct/unimoral_consequence_generation/2026-05-27T14-22-56-00-00_unimoral-consequence-generation_k8BkhHPGZLYUtvSwGApNzC.eval,mean,20,20,4614,723,0,0.000257,input + output + reasoning tokens at OpenRouter metadata rates
qwen/qwen-2.5-7b-instruct,Qwen,S/7B,2024-Q4,time scaling,ValuePrism,value_prism_relevance,accuracy,0.85,20,986,480,0.000087,0.04,0.1,default /no_think prefix at run time,Closest feasible prompt-classification route; not Kaleido model replication.,success,results/openrouter-selected-grid-moral-psych-s20/logs/qwen__qwen-2.5-7b-instruct/value_prism_relevance/2026-05-27T14-23-06-00-00_value-prism-relevance_HkxWfWT4R2gfKspo86C34p.eval,accuracy,20,20,1263,40,0,0.000055,input + output + reasoning tokens at OpenRouter metadata rates
qwen/qwen-2.5-7b-instruct,Qwen,S/7B,2024-Q4,time scaling,ValuePrism,value_prism_valence,accuracy,0.7,20,1009,640,0.000104,0.04,0.1,default /no_think prefix at run time,Closest feasible prompt-classification route; not Kaleido model replication.,success,results/openrouter-selected-grid-moral-psych-s20/logs/qwen__qwen-2.5-7b-instruct/value_prism_valence/2026-05-27T14-23-14-00-00_value-prism-valence_hqm5Ku3WA7PMUHLBH9mZA9.eval,accuracy,20,20,1277,54,0,0.000056,input + output + reasoning tokens at OpenRouter metadata rates
qwen/qwen-2.5-7b-instruct,Qwen,S/7B,2024-Q4,time scaling,CCD-Bench,ccd_bench_selection,valid-choice coverage plus selected-cluster distribution; not accuracy,1.0,20,7154,1600,0.000446,0.04,0.1,default /no_think prefix at run time,"Benchmark-faithful route for choice behavior; compare cluster shares, not correctness.",success,results/openrouter-selected-grid-moral-psych-s20/logs/qwen__qwen-2.5-7b-instruct/ccd_bench_selection/2026-05-27T14-23-24-00-00_ccd-bench-selection_2NiW86LQv9V7BMpjHqo3Bs.eval,mean,20,20,7501,741,0,0.000374,input + output + reasoning tokens at OpenRouter metadata rates
qwen/qwen3.5-9b,Qwen,S/9B,2026-Q1,time scaling,UniMoral,unimoral_action_prediction,accuracy,0.0,20,4130,1280,0.000357,0.04,0.15,default /no_think prefix at run time,Benchmark-faithful task; paper model roster only partially available in current grid.,success,results/openrouter-selected-grid-moral-psych-s20/logs/qwen__qwen3.5-9b/unimoral_action_prediction/2026-05-27T14-23-35-00-00_unimoral-action-prediction_KPgBptVAkb2Z8Wu2AMcpgE.eval,accuracy,20,20,4140,38895,43782,0.012567,input + output + reasoning tokens at OpenRouter metadata rates
qwen/qwen3.5-9b,Qwen,S/9B,2026-Q1,time scaling,UniMoral,unimoral_moral_typology,accuracy,0.2,20,4970,10240,0.001735,0.04,0.15,default /no_think prefix at run time,"Benchmark-faithful task; paper reports weighted F1, so score scale differs unless post-processed.",success,results/openrouter-selected-grid-moral-psych-s20/logs/qwen__qwen3.5-9b/unimoral_moral_typology/2026-05-27T14-27-26-00-00_unimoral-moral-typology_J2XejzqNCUGs9464zS89qB.eval,accuracy,20,20,5064,38723,43213,0.012493,input + output + reasoning tokens at OpenRouter metadata rates
qwen/qwen3.5-9b,Qwen,S/9B,2026-Q1,time scaling,UniMoral,unimoral_factor_attribution,accuracy,0.05,20,5650,10240,0.001762,0.04,0.15,default /no_think prefix at run time,"Benchmark-faithful task; paper reports weighted F1, so score scale differs unless post-processed.",success,results/openrouter-selected-grid-moral-psych-s20/logs/qwen__qwen3.5-9b/unimoral_factor_attribution/2026-05-27T14-32-17-00-00_unimoral-factor-attribution_JXc4Rb6sYWWsiD9dUtgvoB.eval,accuracy,20,20,5764,40438,46478,0.013268,input + output + reasoning tokens at OpenRouter metadata rates
qwen/qwen3.5-9b,Qwen,S/9B,2026-Q1,time scaling,UniMoral,unimoral_consequence_generation,METEOR live scorer; BERTScore F1 is offline-only in the current release tooling,0.0071428571428571435,20,3618,10240,0.001681,0.04,0.15,default /no_think prefix at run time,Benchmark-faithful prompt route; BERTScore requires the offline release metric pass.,success,results/openrouter-selected-grid-moral-psych-s20/logs/qwen__qwen3.5-9b/unimoral_consequence_generation/2026-05-27T14-38-30-00-00_unimoral-consequence-generation_SvBUsqiX2rHgbY5bJoeeeQ.eval,mean,20,20,3720,40584,58959,0.015080,input + output + reasoning tokens at OpenRouter metadata rates
qwen/qwen3.5-9b,Qwen,S/9B,2026-Q1,time scaling,ValuePrism,value_prism_relevance,accuracy,0.75,20,986,480,0.000111,0.04,0.15,default /no_think prefix at run time,Closest feasible prompt-classification route; not Kaleido model replication.,success,results/openrouter-selected-grid-moral-psych-s20/logs/qwen__qwen3.5-9b/value_prism_relevance/2026-05-27T14-43-07-00-00_value-prism-relevance_Dr8FJkEu7Z8FcaEA5FJBgJ.eval,accuracy,20,20,1294,17496,18745,0.005488,input + output + reasoning tokens at OpenRouter metadata rates
qwen/qwen3.5-9b,Qwen,S/9B,2026-Q1,time scaling,ValuePrism,value_prism_valence,accuracy,0.5,20,1009,640,0.000136,0.04,0.15,default /no_think prefix at run time,Closest feasible prompt-classification route; not Kaleido model replication.,success,results/openrouter-selected-grid-moral-psych-s20/logs/qwen__qwen3.5-9b/value_prism_valence/2026-05-27T14-44-48-00-00_value-prism-valence_d3bExSDN4FwTkhQrnB3twk.eval,accuracy,20,20,1316,25366,27754,0.008021,input + output + reasoning tokens at OpenRouter metadata rates
qwen/qwen3.5-9b,Qwen,S/9B,2026-Q1,time scaling,CCD-Bench,ccd_bench_selection,valid-choice coverage plus selected-cluster distribution; not accuracy,0.0,20,7154,1600,0.000526,0.04,0.15,default /no_think prefix at run time,"Benchmark-faithful route for choice behavior; compare cluster shares, not correctness.",success,results/openrouter-selected-grid-moral-psych-s20/logs/qwen__qwen3.5-9b/ccd_bench_selection/2026-05-27T14-48-27-00-00_ccd-bench-selection_HtcSgbpeoM5pnHqMSwTMcP.eval,mean,20,20,7830,40960,46346,0.013409,input + output + reasoning tokens at OpenRouter metadata rates
google/gemma-2-27b-it,Gemma,L/27B,2024-Q3,time scaling,UniMoral,unimoral_action_prediction,accuracy,0.05,20,4130,1280,0.003517,0.65,0.65,,Benchmark-faithful task; paper model roster only partially available in current grid.,success,results/openrouter-selected-grid-moral-psych-s20/logs/google__gemma-2-27b-it/unimoral_action_prediction/2026-05-27T14-53-58-00-00_unimoral-action-prediction_e4DnyoheKTa3V5i6tqwWpk.eval,accuracy,20,20,4770,243,0,0.003258,input + output + reasoning tokens at OpenRouter metadata rates
google/gemma-2-27b-it,Gemma,L/27B,2024-Q3,time scaling,UniMoral,unimoral_moral_typology,accuracy,0.6,20,4970,10240,0.009887,0.65,0.65,,"Benchmark-faithful task; paper reports weighted F1, so score scale differs unless post-processed.",success,results/openrouter-selected-grid-moral-psych-s20/logs/google__gemma-2-27b-it/unimoral_moral_typology/2026-05-27T14-54-06-00-00_unimoral-moral-typology_XvfRkvj9ykHXHVuXRWVmbo.eval,accuracy,20,20,5530,245,0,0.003754,input + output + reasoning tokens at OpenRouter metadata rates
google/gemma-2-27b-it,Gemma,L/27B,2024-Q3,time scaling,UniMoral,unimoral_factor_attribution,accuracy,0.45,20,5650,10240,0.010329,0.65,0.65,,"Benchmark-faithful task; paper reports weighted F1, so score scale differs unless post-processed.",success,results/openrouter-selected-grid-moral-psych-s20/logs/google__gemma-2-27b-it/unimoral_factor_attribution/2026-05-27T14-54-14-00-00_unimoral-factor-attribution_iy2z42LwsuKCH2MVzB4HtZ.eval,accuracy,20,20,6070,221,0,0.004089,input + output + reasoning tokens at OpenRouter metadata rates
google/gemma-2-27b-it,Gemma,L/27B,2024-Q3,time scaling,UniMoral,unimoral_consequence_generation,METEOR live scorer; BERTScore F1 is offline-only in the current release tooling,0.025274755103025626,20,3618,10240,0.009008,0.65,0.65,,Benchmark-faithful prompt route; BERTScore requires the offline release metric pass.,success,results/openrouter-selected-grid-moral-psych-s20/logs/google__gemma-2-27b-it/unimoral_consequence_generation/2026-05-27T14-54-21-00-00_unimoral-consequence-generation_mrPe5pWrepb6sSfpiT4AnJ.eval,mean,20,20,4190,548,0,0.003080,input + output + reasoning tokens at OpenRouter metadata rates
google/gemma-2-27b-it,Gemma,L/27B,2024-Q3,time scaling,ValuePrism,value_prism_relevance,accuracy,0.75,20,986,480,0.000953,0.65,0.65,,Closest feasible prompt-classification route; not Kaleido model replication.,success,results/openrouter-selected-grid-moral-psych-s20/logs/google__gemma-2-27b-it/value_prism_relevance/2026-05-27T14-54-30-00-00_value-prism-relevance_bYffPnExgeRfpJTfwvAV54.eval,accuracy,20,20,1150,94,0,0.000809,input + output + reasoning tokens at OpenRouter metadata rates
google/gemma-2-27b-it,Gemma,L/27B,2024-Q3,time scaling,ValuePrism,value_prism_valence,accuracy,0.8,20,1009,640,0.001072,0.65,0.65,,Closest feasible prompt-classification route; not Kaleido model replication.,success,results/openrouter-selected-grid-moral-psych-s20/logs/google__gemma-2-27b-it/value_prism_valence/2026-05-27T14-54-38-00-00_value-prism-valence_Ty7bY5tf89QdzobvrMKWjx.eval,accuracy,20,20,1178,421,0,0.001039,input + output + reasoning tokens at OpenRouter metadata rates
google/gemma-2-27b-it,Gemma,L/27B,2024-Q3,time scaling,CCD-Bench,ccd_bench_selection,valid-choice coverage plus selected-cluster distribution; not accuracy,1.0,20,7154,1600,0.005690,0.65,0.65,,"Benchmark-faithful route for choice behavior; compare cluster shares, not correctness.",success,results/openrouter-selected-grid-moral-psych-s20/logs/google__gemma-2-27b-it/ccd_bench_selection/2026-05-27T14-54-46-00-00_ccd-bench-selection_eAQSyKKHKdfZHTBvneQUFt.eval,mean,20,20,7774,818,0,0.005585,input + output + reasoning tokens at OpenRouter metadata rates
google/gemma-4-31b-it,Gemma,L/31B,2026-Q1,time scaling,UniMoral,unimoral_action_prediction,accuracy,0.6,20,4130,1280,0.000969,0.12,0.37,,Benchmark-faithful task; paper model roster only partially available in current grid.,success,results/openrouter-selected-grid-moral-psych-s20/logs/google__gemma-4-31b-it/unimoral_action_prediction/2026-05-27T14-54-57-00-00_unimoral-action-prediction_UxYuAXkGCZrwpbaXAGJU9k.eval,accuracy,20,20,4779,125,0,0.000620,input + output + reasoning tokens at OpenRouter metadata rates
google/gemma-4-31b-it,Gemma,L/31B,2026-Q1,time scaling,UniMoral,unimoral_moral_typology,accuracy,0.6,20,4970,10240,0.004385,0.12,0.37,,"Benchmark-faithful task; paper reports weighted F1, so score scale differs unless post-processed.",success,results/openrouter-selected-grid-moral-psych-s20/logs/google__gemma-4-31b-it/unimoral_moral_typology/2026-05-27T14-55-08-00-00_unimoral-moral-typology_6n2Z94sbsbBhu9tQuRhCJE.eval,accuracy,20,20,5663,226,0,0.000763,input + output + reasoning tokens at OpenRouter metadata rates
google/gemma-4-31b-it,Gemma,L/31B,2026-Q1,time scaling,UniMoral,unimoral_factor_attribution,accuracy,0.5,20,5650,10240,0.004467,0.12,0.37,,"Benchmark-faithful task; paper reports weighted F1, so score scale differs unless post-processed.",success,results/openrouter-selected-grid-moral-psych-s20/logs/google__gemma-4-31b-it/unimoral_factor_attribution/2026-05-27T14-55-29-00-00_unimoral-factor-attribution_gs62hRx3AyobnuVa2Lj3ep.eval,accuracy,20,20,6143,156,0,0.000795,input + output + reasoning tokens at OpenRouter metadata rates
google/gemma-4-31b-it,Gemma,L/31B,2026-Q1,time scaling,UniMoral,unimoral_consequence_generation,METEOR live scorer; BERTScore F1 is offline-only in the current release tooling,0.07092530155091953,20,3618,10240,0.004223,0.12,0.37,,Benchmark-faithful prompt route; BERTScore requires the offline release metric pass.,success,results/openrouter-selected-grid-moral-psych-s20/logs/google__gemma-4-31b-it/unimoral_consequence_generation/2026-05-27T14-55-54-00-00_unimoral-consequence-generation_H3bdHsAA7joiuDvDmE7aRs.eval,mean,20,20,4110,699,0,0.000752,input + output + reasoning tokens at OpenRouter metadata rates
google/gemma-4-31b-it,Gemma,L/31B,2026-Q1,time scaling,ValuePrism,value_prism_relevance,accuracy,0.75,20,986,480,0.000296,0.12,0.37,,Closest feasible prompt-classification route; not Kaleido model replication.,success,results/openrouter-selected-grid-moral-psych-s20/logs/google__gemma-4-31b-it/value_prism_relevance/2026-05-27T14-56-48-00-00_value-prism-relevance_6hEaLbnWfkiugsxHUuMCT9.eval,accuracy,20,20,1246,40,0,0.000164,input + output + reasoning tokens at OpenRouter metadata rates
google/gemma-4-31b-it,Gemma,L/31B,2026-Q1,time scaling,ValuePrism,value_prism_valence,accuracy,0.75,20,1009,640,0.000358,0.12,0.37,,Closest feasible prompt-classification route; not Kaleido model replication.,success,results/openrouter-selected-grid-moral-psych-s20/logs/google__gemma-4-31b-it/value_prism_valence/2026-05-27T14-57-00-00-00_value-prism-valence_BvYeJCJoX62a287dz3ha54.eval,accuracy,20,20,1260,44,0,0.000167,input + output + reasoning tokens at OpenRouter metadata rates
google/gemma-4-31b-it,Gemma,L/31B,2026-Q1,time scaling,CCD-Bench,ccd_bench_selection,valid-choice coverage plus selected-cluster distribution; not accuracy,1.0,20,7154,1600,0.001450,0.12,0.37,,"Benchmark-faithful route for choice behavior; compare cluster shares, not correctness.",success,results/openrouter-selected-grid-moral-psych-s20/logs/google__gemma-4-31b-it/ccd_bench_selection/2026-05-27T14-57-16-00-00_ccd-bench-selection_6YbGgkxiB898k2uKbynPWi.eval,mean,20,20,7741,911,0,0.001266,input + output + reasoning tokens at OpenRouter metadata rates
deepseek/deepseek-chat-v3-0324,DeepSeek,chat/V3,2025-Q1,time scaling,UniMoral,unimoral_action_prediction,accuracy,0.2,20,4130,1280,0.001812,0.2,0.77,default /no_think prefix at run time,Benchmark-faithful task; paper model roster only partially available in current grid.,success,results/openrouter-selected-grid-moral-psych-s20/logs/deepseek__deepseek-chat-v3-0324/unimoral_action_prediction/2026-05-27T14-58-03-00-00_unimoral-action-prediction_GTxCZZAArWNEhUFumQjrRh.eval,accuracy,20,20,4560,131,0,0.001013,input + output + reasoning tokens at OpenRouter metadata rates
deepseek/deepseek-chat-v3-0324,DeepSeek,chat/V3,2025-Q1,time scaling,UniMoral,unimoral_moral_typology,accuracy,0.6,20,4970,10240,0.008879,0.2,0.77,default /no_think prefix at run time,"Benchmark-faithful task; paper reports weighted F1, so score scale differs unless post-processed.",success,results/openrouter-selected-grid-moral-psych-s20/logs/deepseek__deepseek-chat-v3-0324/unimoral_moral_typology/2026-05-27T14-58-17-00-00_unimoral-moral-typology_eagrLQFQrndNrduQcKvjE9.eval,accuracy,20,20,5349,172,0,0.001202,input + output + reasoning tokens at OpenRouter metadata rates
deepseek/deepseek-chat-v3-0324,DeepSeek,chat/V3,2025-Q1,time scaling,UniMoral,unimoral_factor_attribution,accuracy,0.5,20,5650,10240,0.009015,0.2,0.77,default /no_think prefix at run time,"Benchmark-faithful task; paper reports weighted F1, so score scale differs unless post-processed.",success,results/openrouter-selected-grid-moral-psych-s20/logs/deepseek__deepseek-chat-v3-0324/unimoral_factor_attribution/2026-05-27T14-58-32-00-00_unimoral-factor-attribution_GziVvmfjGn9TQnGPVdQWnk.eval,accuracy,20,20,6261,151,0,0.001368,input + output + reasoning tokens at OpenRouter metadata rates
deepseek/deepseek-chat-v3-0324,DeepSeek,chat/V3,2025-Q1,time scaling,UniMoral,unimoral_consequence_generation,METEOR live scorer; BERTScore F1 is offline-only in the current release tooling,0.16248626998527063,20,3618,10240,0.008608,0.2,0.77,default /no_think prefix at run time,Benchmark-faithful prompt route; BERTScore requires the offline release metric pass.,success,results/openrouter-selected-grid-moral-psych-s20/logs/deepseek__deepseek-chat-v3-0324/unimoral_consequence_generation/2026-05-27T14-58-45-00-00_unimoral-consequence-generation_8NoYeQJsTNYeqFrMaFUVC3.eval,mean,20,20,4178,673,0,0.001354,input + output + reasoning tokens at OpenRouter metadata rates
deepseek/deepseek-chat-v3-0324,DeepSeek,chat/V3,2025-Q1,time scaling,ValuePrism,value_prism_relevance,accuracy,0.75,20,986,480,0.000567,0.2,0.77,default /no_think prefix at run time,Closest feasible prompt-classification route; not Kaleido model replication.,success,results/openrouter-selected-grid-moral-psych-s20/logs/deepseek__deepseek-chat-v3-0324/value_prism_relevance/2026-05-27T14-59-06-00-00_value-prism-relevance_KmBqpqRpLJsxGSQETsXUwg.eval,accuracy,20,20,953,33,0,0.000216,input + output + reasoning tokens at OpenRouter metadata rates
deepseek/deepseek-chat-v3-0324,DeepSeek,chat/V3,2025-Q1,time scaling,ValuePrism,value_prism_valence,accuracy,0.6,20,1009,640,0.000695,0.2,0.77,default /no_think prefix at run time,Closest feasible prompt-classification route; not Kaleido model replication.,success,results/openrouter-selected-grid-moral-psych-s20/logs/deepseek__deepseek-chat-v3-0324/value_prism_valence/2026-05-27T14-59-20-00-00_value-prism-valence_cVLMVrtQf58FMM56AXmEFZ.eval,accuracy,20,20,1091,384,0,0.000514,input + output + reasoning tokens at OpenRouter metadata rates
deepseek/deepseek-chat-v3-0324,DeepSeek,chat/V3,2025-Q1,time scaling,CCD-Bench,ccd_bench_selection,valid-choice coverage plus selected-cluster distribution; not accuracy,1.0,20,7154,1600,0.002663,0.2,0.77,default /no_think prefix at run time,"Benchmark-faithful route for choice behavior; compare cluster shares, not correctness.",success,results/openrouter-selected-grid-moral-psych-s20/logs/deepseek__deepseek-chat-v3-0324/ccd_bench_selection/2026-05-27T14-59-38-00-00_ccd-bench-selection_hCMTN3ZrtktovJv5GcMoaz.eval,mean,20,20,7084,2006,0,0.002961,input + output + reasoning tokens at OpenRouter metadata rates
deepseek/deepseek-chat-v3.1,DeepSeek,chat/V3.1,2025-Q3,time scaling,UniMoral,unimoral_action_prediction,accuracy,0.55,20,4130,1280,0.001878,0.21,0.79,default /no_think prefix at run time,Benchmark-faithful task; paper model roster only partially available in current grid.,success,results/openrouter-selected-grid-moral-psych-s20/logs/deepseek__deepseek-chat-v3.1/unimoral_action_prediction/2026-05-27T15-00-21-00-00_unimoral-action-prediction_FD9VAKWbkJVZdQqPd3wRhA.eval,accuracy,20,20,5137,118,0,0.001172,input + output + reasoning tokens at OpenRouter metadata rates
deepseek/deepseek-chat-v3.1,DeepSeek,chat/V3.1,2025-Q3,time scaling,UniMoral,unimoral_moral_typology,accuracy,0.6,20,4970,10240,0.009133,0.21,0.79,default /no_think prefix at run time,"Benchmark-faithful task; paper reports weighted F1, so score scale differs unless post-processed.",success,results/openrouter-selected-grid-moral-psych-s20/logs/deepseek__deepseek-chat-v3.1/unimoral_moral_typology/2026-05-27T15-00-31-00-00_unimoral-moral-typology_6poosh88bGhNhaumiBPsqs.eval,accuracy,20,20,5875,151,0,0.001353,input + output + reasoning tokens at OpenRouter metadata rates
deepseek/deepseek-chat-v3.1,DeepSeek,chat/V3.1,2025-Q3,time scaling,UniMoral,unimoral_factor_attribution,accuracy,0.5,20,5650,10240,0.009276,0.21,0.79,default /no_think prefix at run time,"Benchmark-faithful task; paper reports weighted F1, so score scale differs unless post-processed.",success,results/openrouter-selected-grid-moral-psych-s20/logs/deepseek__deepseek-chat-v3.1/unimoral_factor_attribution/2026-05-27T15-00-44-00-00_unimoral-factor-attribution_eptAoMD6LLBnSqyrufyXf6.eval,accuracy,20,20,6627,111,0,0.001479,input + output + reasoning tokens at OpenRouter metadata rates
deepseek/deepseek-chat-v3.1,DeepSeek,chat/V3.1,2025-Q3,time scaling,UniMoral,unimoral_consequence_generation,METEOR live scorer; BERTScore F1 is offline-only in the current release tooling,0.1842536312021935,20,3618,10240,0.008849,0.21,0.79,default /no_think prefix at run time,Benchmark-faithful prompt route; BERTScore requires the offline release metric pass.,success,results/openrouter-selected-grid-moral-psych-s20/logs/deepseek__deepseek-chat-v3.1/unimoral_consequence_generation/2026-05-27T15-00-54-00-00_unimoral-consequence-generation_SUAMn6Nu85ynqmnR3u6fBg.eval,mean,20,20,4449,911,0,0.001654,input + output + reasoning tokens at OpenRouter metadata rates
deepseek/deepseek-chat-v3.1,DeepSeek,chat/V3.1,2025-Q3,time scaling,ValuePrism,value_prism_relevance,accuracy,0.65,20,986,480,0.000586,0.21,0.79,default /no_think prefix at run time,Closest feasible prompt-classification route; not Kaleido model replication.,success,results/openrouter-selected-grid-moral-psych-s20/logs/deepseek__deepseek-chat-v3.1/value_prism_relevance/2026-05-27T15-01-18-00-00_value-prism-relevance_fHqGjtnwfWZS4dTbhfbjAq.eval,accuracy,20,20,1190,34,0,0.000277,input + output + reasoning tokens at OpenRouter metadata rates
deepseek/deepseek-chat-v3.1,DeepSeek,chat/V3.1,2025-Q3,time scaling,ValuePrism,value_prism_valence,accuracy,0.35,20,1009,640,0.000717,0.21,0.79,default /no_think prefix at run time,Closest feasible prompt-classification route; not Kaleido model replication.,success,results/openrouter-selected-grid-moral-psych-s20/logs/deepseek__deepseek-chat-v3.1/value_prism_valence/2026-05-27T15-01-32-00-00_value-prism-valence_S8Jhqv8yNiSeNGxAMevr3h.eval,accuracy,20,20,1168,52,0,0.000286,input + output + reasoning tokens at OpenRouter metadata rates
deepseek/deepseek-chat-v3.1,DeepSeek,chat/V3.1,2025-Q3,time scaling,CCD-Bench,ccd_bench_selection,valid-choice coverage plus selected-cluster distribution; not accuracy,1.0,20,7154,1600,0.002766,0.21,0.79,default /no_think prefix at run time,"Benchmark-faithful route for choice behavior; compare cluster shares, not correctness.",success,results/openrouter-selected-grid-moral-psych-s20/logs/deepseek__deepseek-chat-v3.1/ccd_bench_selection/2026-05-27T15-01-41-00-00_ccd-bench-selection_2TXDc4nH5HAiszt2Txrucu.eval,mean,20,20,7324,1028,0,0.002350,input + output + reasoning tokens at OpenRouter metadata rates
deepseek/deepseek-v3.2,DeepSeek,chat/V3.2,2025-Q4,time scaling,UniMoral,unimoral_action_prediction,accuracy,0.55,20,4130,1280,0.001525,0.252,0.378,default /no_think prefix at run time,Benchmark-faithful task; paper model roster only partially available in current grid.,success,results/openrouter-selected-grid-moral-psych-s20/logs/deepseek__deepseek-v3.2/unimoral_action_prediction/2026-05-27T15-02-01-00-00_unimoral-action-prediction_HMJgwCMfEWW8ryBfRqEoc7.eval,accuracy,20,20,4611,116,0,0.001206,input + output + reasoning tokens at OpenRouter metadata rates
deepseek/deepseek-v3.2,DeepSeek,chat/V3.2,2025-Q4,time scaling,UniMoral,unimoral_moral_typology,accuracy,0.6,20,4970,10240,0.005123,0.252,0.378,default /no_think prefix at run time,"Benchmark-faithful task; paper reports weighted F1, so score scale differs unless post-processed.",success,results/openrouter-selected-grid-moral-psych-s20/logs/deepseek__deepseek-v3.2/unimoral_moral_typology/2026-05-27T15-02-18-00-00_unimoral-moral-typology_MAee34RFT5g9gibUnK8cLm.eval,accuracy,20,20,5006,153,0,0.001319,input + output + reasoning tokens at OpenRouter metadata rates
deepseek/deepseek-v3.2,DeepSeek,chat/V3.2,2025-Q4,time scaling,UniMoral,unimoral_factor_attribution,accuracy,0.5,20,5650,10240,0.005295,0.252,0.378,default /no_think prefix at run time,"Benchmark-faithful task; paper reports weighted F1, so score scale differs unless post-processed.",success,results/openrouter-selected-grid-moral-psych-s20/logs/deepseek__deepseek-v3.2/unimoral_factor_attribution/2026-05-27T15-02-37-00-00_unimoral-factor-attribution_7D5HueftELC5gV6sAQSjVe.eval,accuracy,20,20,6084,115,0,0.001577,input + output + reasoning tokens at OpenRouter metadata rates
deepseek/deepseek-v3.2,DeepSeek,chat/V3.2,2025-Q4,time scaling,UniMoral,unimoral_consequence_generation,METEOR live scorer; BERTScore F1 is offline-only in the current release tooling,0.17924011841428295,20,3618,10240,0.004782,0.252,0.378,default /no_think prefix at run time,Benchmark-faithful prompt route; BERTScore requires the offline release metric pass.,success,results/openrouter-selected-grid-moral-psych-s20/logs/deepseek__deepseek-v3.2/unimoral_consequence_generation/2026-05-27T15-02-50-00-00_unimoral-consequence-generation_XGEgQnZp3uThpgDwDx2x6j.eval,mean,20,20,3703,966,0,0.001298,input + output + reasoning tokens at OpenRouter metadata rates
deepseek/deepseek-v3.2,DeepSeek,chat/V3.2,2025-Q4,time scaling,ValuePrism,value_prism_relevance,accuracy,0.7,20,986,480,0.000430,0.252,0.378,default /no_think prefix at run time,Closest feasible prompt-classification route; not Kaleido model replication.,success,results/openrouter-selected-grid-moral-psych-s20/logs/deepseek__deepseek-v3.2/value_prism_relevance/2026-05-27T15-03-16-00-00_value-prism-relevance_BPWnnaEMMHbCxPPfaRU5P7.eval,accuracy,20,20,915,36,0,0.000244,input + output + reasoning tokens at OpenRouter metadata rates
deepseek/deepseek-v3.2,DeepSeek,chat/V3.2,2025-Q4,time scaling,ValuePrism,value_prism_valence,accuracy,0.3,20,1009,640,0.000496,0.252,0.378,default /no_think prefix at run time,Closest feasible prompt-classification route; not Kaleido model replication.,success,results/openrouter-selected-grid-moral-psych-s20/logs/deepseek__deepseek-v3.2/value_prism_valence/2026-05-27T15-03-38-00-00_value-prism-valence_dwRv9T2jcw4oQMBMTGJ7mK.eval,accuracy,20,20,1039,46,0,0.000279,input + output + reasoning tokens at OpenRouter metadata rates
deepseek/deepseek-v3.2,DeepSeek,chat/V3.2,2025-Q4,time scaling,CCD-Bench,ccd_bench_selection,valid-choice coverage plus selected-cluster distribution; not accuracy,1.0,20,7154,1600,0.002408,0.252,0.378,default /no_think prefix at run time,"Benchmark-faithful route for choice behavior; compare cluster shares, not correctness.",success,results/openrouter-selected-grid-moral-psych-s20/logs/deepseek__deepseek-v3.2/ccd_bench_selection/2026-05-27T15-03-47-00-00_ccd-bench-selection_TsQtdZhZk7TtWhZrAqwNs3.eval,mean,20,20,6576,937,0,0.002011,input + output + reasoning tokens at OpenRouter metadata rates
deepseek/deepseek-v4-flash,DeepSeek,flash/V4,2026-Q2,time scaling,UniMoral,unimoral_action_prediction,accuracy,0.55,20,4130,1280,0.000669,0.1,0.2,default /no_think prefix at run time,Benchmark-faithful task; paper model roster only partially available in current grid.,success,results/openrouter-selected-grid-moral-psych-s20/logs/deepseek__deepseek-v4-flash/unimoral_action_prediction/2026-05-27T15-04-07-00-00_unimoral-action-prediction_XgJdaopWtf95HDgg23kooV.eval,accuracy,20,20,4928,3397,3262,0.001825,input + output + reasoning tokens at OpenRouter metadata rates
deepseek/deepseek-v4-flash,DeepSeek,flash/V4,2026-Q2,time scaling,UniMoral,unimoral_moral_typology,accuracy,0.6,20,4970,10240,0.002545,0.1,0.2,default /no_think prefix at run time,"Benchmark-faithful task; paper reports weighted F1, so score scale differs unless post-processed.",success,results/openrouter-selected-grid-moral-psych-s20/logs/deepseek__deepseek-v4-flash/unimoral_moral_typology/2026-05-27T15-04-31-00-00_unimoral-moral-typology_gXkMgKdMKdDrGVk2oxGDTA.eval,accuracy,20,20,5327,2583,2391,0.001528,input + output + reasoning tokens at OpenRouter metadata rates
deepseek/deepseek-v4-flash,DeepSeek,flash/V4,2026-Q2,time scaling,UniMoral,unimoral_factor_attribution,accuracy,0.45,20,5650,10240,0.002613,0.1,0.2,default /no_think prefix at run time,"Benchmark-faithful task; paper reports weighted F1, so score scale differs unless post-processed.",success,results/openrouter-selected-grid-moral-psych-s20/logs/deepseek__deepseek-v4-flash/unimoral_factor_attribution/2026-05-27T15-04-52-00-00_unimoral-factor-attribution_DGfUHFosvmnK3C8DJipHjz.eval,accuracy,20,20,6132,2808,2655,0.001706,input + output + reasoning tokens at OpenRouter metadata rates
deepseek/deepseek-v4-flash,DeepSeek,flash/V4,2026-Q2,time scaling,UniMoral,unimoral_consequence_generation,METEOR live scorer; BERTScore F1 is offline-only in the current release tooling,0.11706191150275,20,3618,10240,0.002410,0.1,0.2,default /no_think prefix at run time,Benchmark-faithful prompt route; BERTScore requires the offline release metric pass.,success,results/openrouter-selected-grid-moral-psych-s20/logs/deepseek__deepseek-v4-flash/unimoral_consequence_generation/2026-05-27T15-05-22-00-00_unimoral-consequence-generation_nhzd6WGd5djJWCdKvCCpys.eval,mean,20,20,4175,2926,2375,0.001478,input + output + reasoning tokens at OpenRouter metadata rates
deepseek/deepseek-v4-flash,DeepSeek,flash/V4,2026-Q2,time scaling,ValuePrism,value_prism_relevance,accuracy,0.7,20,986,480,0.000195,0.1,0.2,default /no_think prefix at run time,Closest feasible prompt-classification route; not Kaleido model replication.,success,results/openrouter-selected-grid-moral-psych-s20/logs/deepseek__deepseek-v4-flash/value_prism_relevance/2026-05-27T15-06-00-00-00_value-prism-relevance_Zm9RLis9pYXkgkbv4AARD7.eval,accuracy,20,20,1164,1332,1279,0.000639,input + output + reasoning tokens at OpenRouter metadata rates
deepseek/deepseek-v4-flash,DeepSeek,flash/V4,2026-Q2,time scaling,ValuePrism,value_prism_valence,accuracy,0.65,20,1009,640,0.000229,0.1,0.2,default /no_think prefix at run time,Closest feasible prompt-classification route; not Kaleido model replication.,success,results/openrouter-selected-grid-moral-psych-s20/logs/deepseek__deepseek-v4-flash/value_prism_valence/2026-05-27T15-06-23-00-00_value-prism-valence_533k3SKxbDyCoc9cKknQWV.eval,accuracy,20,20,1169,2097,2082,0.000953,input + output + reasoning tokens at OpenRouter metadata rates
deepseek/deepseek-v4-flash,DeepSeek,flash/V4,2026-Q2,time scaling,CCD-Bench,ccd_bench_selection,valid-choice coverage plus selected-cluster distribution; not accuracy,1.0,20,7154,1600,0.001035,0.1,0.2,default /no_think prefix at run time,"Benchmark-faithful route for choice behavior; compare cluster shares, not correctness.",success,results/openrouter-selected-grid-moral-psych-s20/logs/deepseek__deepseek-v4-flash/ccd_bench_selection/2026-05-27T15-06-48-00-00_ccd-bench-selection_GmcDJG4j4e5ZCJcGgRRvbR.eval,mean,20,20,7193,7149,6517,0.003453,input + output + reasoning tokens at OpenRouter metadata rates
